Pair,Sector,Date,Position,Spread,ZScore,PnL_Net,Cum_PnL,Value
TECHM.NS/MPHASIS.NS,IT,2022-01-03,-1.0,104.03457878416384,1.0760007949543977,-0.0,-0.0,5000000.0
TECHM.NS/MPHASIS.NS,IT,2022-01-04,-1.0,119.29767509172325,1.1920786297258386,-32067.918539874823,-32067.918539874823,4967932.081460125
TECHM.NS/MPHASIS.NS,IT,2022-01-05,-1.0,108.89841429253397,1.051634369444742,89926.50509428626,57858.586554411435,5057858.586554412
TECHM.NS/MPHASIS.NS,IT,2022-01-06,-1.0,93.57650452096959,0.8641135005831446,91453.61613992586,149312.2026943373,5149312.202694337
TECHM.NS/MPHASIS.NS,IT,2022-01-07,-1.0,110.5286003584863,1.0079019074728375,-46746.27216504517,102565.93052929212,5102565.930529292
TECHM.NS/MPHASIS.NS,IT,2022-01-10,-1.0,137.00793439666018,1.2434204445034616,-63648.19018364854,38917.74034564358,5038917.740345644
TECHM.NS/MPHASIS.NS,IT,2022-01-11,-1.0,152.27317328714616,1.364068376047461,-56932.84324531223,-18015.10289966865,4981984.897100331
TECHM.NS/MPHASIS.NS,IT,2022-01-12,-1.0,142.46890273796112,1.226771468172267,26489.157091423924,8474.054191755273,5008474.054191755
TECHM.NS/MPHASIS.NS,IT,2022-01-13,-1.0,96.14309901843308,0.7080146372101339,97190.86271649947,105664.91690825475,5105664.916908255
TECHM.NS/MPHASIS.NS,IT,2022-01-14,-1.0,129.60663487263855,1.052459822570912,-84624.73530844437,21040.18159981037,5021040.181599811
TECHM.NS/MPHASIS.NS,IT,2022-01-17,-1.0,107.95234134407156,0.781390100447905,59000.302751834264,80040.48435164464,5080040.484351644
TECHM.NS/MPHASIS.NS,IT,2022-01-18,-1.0,89.90806347896978,0.5479680080906159,120464.47738426432,200504.96173590896,5200504.961735909
TECHM.NS/MPHASIS.NS,IT,2022-01-19,-1.0,144.50042823184617,1.147794223160494,-109896.45946727201,90608.50226863695,5090608.502268637
TECHM.NS/MPHASIS.NS,IT,2022-01-20,-1.0,157.11233822568647,1.2499880871174796,-18256.40961810531,72352.09265053165,5072352.092650532
TECHM.NS/MPHASIS.NS,IT,2022-01-21,-1.0,105.78106953803763,0.6298234065524385,199984.58872336018,272336.6813738918,5272336.681373891
TECHM.NS/MPHASIS.NS,IT,2022-01-24,-1.0,69.39843908226408,0.18086519400031667,193244.96059252933,465581.64196642116,5465581.641966421
TECHM.NS/MPHASIS.NS,IT,2022-01-25,-1.0,11.411255964282645,-0.5421650050008169,131559.6023951124,597141.2443615336,5597141.244361534
TECHM.NS/MPHASIS.NS,IT,2022-01-27,-1.0,17.590294027805612,-0.5013649915740825,86475.58728681096,683616.8316483445,5683616.831648344
TECHM.NS/MPHASIS.NS,IT,2022-01-28,-1.0,-55.44547324365658,-1.4756526836792359,203822.86950715023,887439.7011554948,5887439.701155495
TECHM.NS/MPHASIS.NS,IT,2022-01-31,-1.0,-25.14526217660864,-1.121658894768657,-191169.0128423095,696270.6883131852,5696270.688313185
TECHM.NS/MPHASIS.NS,IT,2022-02-01,-1.0,-19.116613539035598,-1.0833736712230764,-60342.32906908997,635928.3592440953,5635928.359244095
TECHM.NS/MPHASIS.NS,IT,2022-02-02,-1.0,-30.52857236984528,-1.2669844892317057,61573.97891397713,697502.3381580724,5697502.338158073
TECHM.NS/MPHASIS.NS,IT,2022-02-03,-1.0,-7.8862990911345605,-0.9888503931214067,12404.2654473263,709906.6036053988,5709906.603605399
TECHM.NS/MPHASIS.NS,IT,2022-02-04,-1.0,-28.759246270900803,-1.299666606255598,50187.95324833961,760094.5568537384,5760094.556853739
TECHM.NS/MPHASIS.NS,IT,2022-02-07,-1.0,-19.93420211666694,-1.225057011326565,-8835.349833740514,751259.2070199979,5751259.207019998
TECHM.NS/MPHASIS.NS,IT,2022-02-08,-1.0,-11.69279776725466,-1.120597869053633,3769.1140056421696,755028.32102564,5755028.32102564
TECHM.NS/MPHASIS.NS,IT,2022-02-09,-1.0,-14.260422989361814,-1.198492679208179,-34109.7557082614,720918.5653173786,5720918.565317378
TECHM.NS/MPHASIS.NS,IT,2022-02-10,-1.0,-35.557256047395185,-1.545604528042587,13848.152482108462,734766.717799487,5734766.717799487
TECHM.NS/MPHASIS.NS,IT,2022-02-11,-1.0,-27.802427149779305,-1.44262212563553,67757.35682250625,802524.0746219933,5802524.074621993
TECHM.NS/MPHASIS.NS,IT,2022-02-14,-1.0,-15.423686910096194,-1.2762347281254713,43715.26199710114,846239.3366190945,5846239.336619094
TECHM.NS/MPHASIS.NS,IT,2022-02-15,0.0,-12.136825522948357,-1.2383248591946423,-115671.14024539657,730568.196373698,5730568.196373698
TECHM.NS/MPHASIS.NS,IT,2022-02-16,0.0,-6.406828969354592,-1.1664666370854166,0.0,730568.196373698,5730568.196373698
TECHM.NS/MPHASIS.NS,IT,2022-02-17,0.0,-11.882613013595346,-1.2570976092548685,-0.0,730568.196373698,5730568.196373698
TECHM.NS/MPHASIS.NS,IT,2022-02-18,0.0,-25.136024565343405,-1.4621962214263169,-0.0,730568.196373698,5730568.196373698
TECHM.NS/MPHASIS.NS,IT,2022-02-21,0.0,-59.587552718739744,-1.919143554502171,-0.0,730568.196373698,5730568.196373698
TECHM.NS/MPHASIS.NS,IT,2022-02-22,0.0,-88.05069235061978,-2.2126374810648524,-0.0,730568.196373698,5730568.196373698
TECHM.NS/MPHASIS.NS,IT,2022-02-23,0.0,-81.66691512310513,-2.008145293198543,0.0,730568.196373698,5730568.196373698
TECHM.NS/MPHASIS.NS,IT,2022-02-24,0.0,-85.33346790887845,-1.9544595305511876,-0.0,730568.196373698,5730568.196373698
TECHM.NS/MPHASIS.NS,IT,2022-02-25,0.0,-77.79238113603469,-1.76638919785477,0.0,730568.196373698,5730568.196373698
TECHM.NS/MPHASIS.NS,IT,2022-02-28,0.0,-84.59026884221657,-1.7725007315655048,0.0,730568.196373698,5730568.196373698
TECHM.NS/MPHASIS.NS,IT,2022-03-02,0.0,-114.73947447164778,-2.0478822135241344,-0.0,730568.196373698,5730568.196373698
TECHM.NS/MPHASIS.NS,IT,2022-03-03,0.0,-85.70904929065887,-1.613339636989016,0.0,730568.196373698,5730568.196373698
TECHM.NS/MPHASIS.NS,IT,2022-03-04,0.0,-79.92280947366226,-1.4835761554930744,0.0,730568.196373698,5730568.196373698
TECHM.NS/MPHASIS.NS,IT,2022-03-07,0.0,-79.92064346313441,-1.4283719868358287,-0.0,730568.196373698,5730568.196373698
TECHM.NS/MPHASIS.NS,IT,2022-03-08,0.0,-67.95664676929209,-1.2436836625656733,0.0,730568.196373698,5730568.196373698
TECHM.NS/MPHASIS.NS,IT,2022-03-09,0.0,-47.77566332640595,-0.9782870863177268,0.0,730568.196373698,5730568.196373698
TECHM.NS/MPHASIS.NS,IT,2022-03-10,0.0,-59.06356563775853,-1.074157403412169,-0.0,730568.196373698,5730568.196373698
TECHM.NS/MPHASIS.NS,IT,2022-03-11,0.0,-92.4424147532086,-1.405628655826122,-0.0,730568.196373698,5730568.196373698
TECHM.NS/MPHASIS.NS,IT,2022-03-14,0.0,-89.92562935104456,-1.3278065078134844,0.0,730568.196373698,5730568.196373698
TECHM.NS/MPHASIS.NS,IT,2022-03-15,0.0,-75.7015155774734,-1.1327250916293437,-0.0,730568.196373698,5730568.196373698
TECHM.NS/MPHASIS.NS,IT,2022-03-16,1.0,-12.39553205875427,-0.41400881157482006,-12500.0,718068.196373698,5718068.196373698
TECHM.NS/MPHASIS.NS,IT,2022-03-17,1.0,-13.008492855836948,-0.4011418961889073,5441.461530283307,723509.6579039813,5723509.657903981
TECHM.NS/MPHASIS.NS,IT,2022-03-21,1.0,-23.395252370834896,-0.496109970799263,-43633.36002301154,679876.2978809697,5679876.29788097
TECHM.NS/MPHASIS.NS,IT,2022-03-22,1.0,-7.943215857589848,-0.3022486908563552,135714.35293323547,815590.6508142052,5815590.650814205
TECHM.NS/MPHASIS.NS,IT,2022-03-23,1.0,-26.94389712579118,-0.4932353917973466,-26502.85188113265,789087.7989330725,5789087.798933072
TECHM.NS/MPHASIS.NS,IT,2022-03-24,1.0,-42.59560174563353,-0.6484061272807345,19744.719764629794,808832.5186977023,5808832.518697702
TECHM.NS/MPHASIS.NS,IT,2022-03-25,1.0,-52.544338502297705,-0.7404877657106897,-83623.16056538474,725209.3581323175,5725209.358132318
TECHM.NS/MPHASIS.NS,IT,2022-03-28,1.0,-82.02811183072276,-1.0674875028442452,-61507.24572825572,663702.1124040618,5663702.1124040615
TECHM.NS/MPHASIS.NS,IT,2022-03-29,1.0,-100.24894827811863,-1.2578600166048604,-34509.50412037685,629192.6082836849,5629192.608283685
TECHM.NS/MPHASIS.NS,IT,2022-03-30,1.0,-143.34121840204716,-1.7281488546223533,-120413.13863109743,508779.4696525875,5508779.469652588
TECHM.NS/MPHASIS.NS,IT,2022-03-31,1.0,-119.18259013355282,-1.38145496847673,45671.27412736843,554450.7437799559,5554450.743779955
TECHM.NS/MPHASIS.NS,IT,2022-04-01,1.0,-116.14636241624089,-1.3041708457639658,-18735.62340418203,535715.1203757739,5535715.120375774
TECHM.NS/MPHASIS.NS,IT,2022-04-04,1.0,-93.32774719239796,-0.9891714496802408,60672.31569302176,596387.4360687956,5596387.436068796
TECHM.NS/MPHASIS.NS,IT,2022-04-05,1.0,-103.8617393332595,-1.086863448806196,-36074.684678829,560312.7513899666,5560312.751389966
TECHM.NS/MPHASIS.NS,IT,2022-04-06,1.0,-79.41194069012704,-0.7508919193736697,-15808.941959761252,544503.8094302054,5544503.809430205
TECHM.NS/MPHASIS.NS,IT,2022-04-07,1.0,-58.113412683342176,-0.44985700866256145,55188.6347897094,599692.4442199147,5599692.444219915
TECHM.NS/MPHASIS.NS,IT,2022-04-08,0.0,-73.3251105562199,-0.6320301680402919,-77102.25044504537,522590.1937748694,5522590.19377487
TECHM.NS/MPHASIS.NS,IT,2022-04-11,0.0,-59.77988091320981,-0.4154175934862894,0.0,522590.1937748694,5522590.19377487
TECHM.NS/MPHASIS.NS,IT,2022-04-12,0.0,-59.17100334149859,-0.37961454501668634,-0.0,522590.1937748694,5522590.19377487
TECHM.NS/MPHASIS.NS,IT,2022-04-13,0.0,-60.35360063042208,-0.3693329338572223,-0.0,522590.1937748694,5522590.19377487
TECHM.NS/MPHASIS.NS,IT,2022-04-18,0.0,-45.84927822370514,-0.1001550545681366,-0.0,522590.1937748694,5522590.19377487
TECHM.NS/MPHASIS.NS,IT,2022-04-19,0.0,-73.21252555067008,-0.5370627752635179,-0.0,522590.1937748694,5522590.19377487
TECHM.NS/MPHASIS.NS,IT,2022-04-20,0.0,-78.37390440623949,-0.6213921505010789,0.0,522590.1937748694,5522590.19377487
TECHM.NS/MPHASIS.NS,IT,2022-04-21,0.0,-81.4610428910587,-0.7033600841281225,0.0,522590.1937748694,5522590.19377487
TECHM.NS/MPHASIS.NS,IT,2022-04-22,0.0,-84.7017782745545,-0.790860174159147,-0.0,522590.1937748694,5522590.19377487
TECHM.NS/MPHASIS.NS,IT,2022-04-25,0.0,-73.71576598090724,-0.4942623408093251,-0.0,522590.1937748694,5522590.19377487
TECHM.NS/MPHASIS.NS,IT,2022-04-26,0.0,-58.16273416215313,-0.032135443960219064,0.0,522590.1937748694,5522590.19377487
TECHM.NS/MPHASIS.NS,IT,2022-04-27,0.0,-82.6527910321347,-0.7097081657389036,-0.0,522590.1937748694,5522590.19377487
TECHM.NS/MPHASIS.NS,IT,2022-04-28,0.0,-74.27051873255164,-0.4511954471908212,0.0,522590.1937748694,5522590.19377487
TECHM.NS/MPHASIS.NS,IT,2022-04-29,0.0,-103.30816683280614,-1.2652342319442333,-0.0,522590.1937748694,5522590.19377487
TECHM.NS/MPHASIS.NS,IT,2022-05-02,1.0,-84.41528220351438,-0.6830591379706578,-12500.0,510090.1937748694,5510090.19377487
TECHM.NS/MPHASIS.NS,IT,2022-05-04,1.0,-76.82915008113878,-0.4373278578818462,-27240.33240237896,482849.8613724904,5482849.86137249
TECHM.NS/MPHASIS.NS,IT,2022-05-05,1.0,-37.795491905942754,0.7569588248650566,200350.57969781483,683200.4410703052,5683200.441070305
TECHM.NS/MPHASIS.NS,IT,2022-05-06,1.0,-14.920420693430742,1.4330590275818114,107670.26391148416,790870.7049817893,5790870.704981789
TECHM.NS/MPHASIS.NS,IT,2022-05-09,-1.0,-18.402121365144694,1.3259665291667226,-94627.76761526738,696242.9373665219,5696242.937366522
TECHM.NS/MPHASIS.NS,IT,2022-05-10,-1.0,-38.08163929462944,0.7582104698192611,82563.03855002986,778805.9759165518,5778805.975916551
TECHM.NS/MPHASIS.NS,IT,2022-05-11,-1.0,-43.728734615258645,0.6102989645625608,51746.95585049082,830552.9317670426,5830552.931767043
TECHM.NS/MPHASIS.NS,IT,2022-05-12,-1.0,-6.313490072087006,1.7238984470519985,-53399.45327102871,777153.4784960139,5777153.478496014
TECHM.NS/MPHASIS.NS,IT,2022-05-13,-1.0,13.65305282546467,2.2320418602594,-22393.33432973582,754760.1441662781,5754760.144166278
TECHM.NS/MPHASIS.NS,IT,2022-05-16,-1.0,-12.145247497120863,1.4676866787940135,89704.91730516336,844465.0614714414,5844465.061471442
TECHM.NS/MPHASIS.NS,IT,2022-05-17,-1.0,-44.265302365737625,0.5490879743886644,51802.16160670044,896267.2230781418,5896267.223078142
TECHM.NS/MPHASIS.NS,IT,2022-05-18,-1.0,-94.65263304050109,-0.9270227577519691,170559.3863146548,1066826.6093927966,6066826.609392797
TECHM.NS/MPHASIS.NS,IT,2022-05-19,-1.0,-72.26686644626591,-0.2212822252235359,109561.3821488911,1176387.9915416879,6176387.991541687
TECHM.NS/MPHASIS.NS,IT,2022-05-20,-1.0,-53.71258460497984,0.37402424417079816,-100411.68823907779,1075976.30330261,6075976.30330261
TECHM.NS/MPHASIS.NS,IT,2022-05-23,-1.0,-68.68534554555663,-0.09175243251814569,4318.425975837212,1080294.7292784473,6080294.729278447
TECHM.NS/MPHASIS.NS,IT,2022-05-24,-1.0,-93.52335347033204,-0.8676225913388489,166059.81391488703,1246354.5431933342,6246354.543193335
TECHM.NS/MPHASIS.NS,IT,2022-05-25,-1.0,-66.6020898296332,-0.03129029928883236,40179.212358771,1286533.7555521051,6286533.755552106
TECHM.NS/MPHASIS.NS,IT,2022-05-26,-1.0,-73.36273599769993,-0.2507249047502996,-33398.09667936152,1253135.6588727436,6253135.658872744
TECHM.NS/MPHASIS.NS,IT,2022-05-27,-1.0,-70.54418965024354,-0.16588492936603122,-125007.19696459915,1128128.4619081444,6128128.461908145
TECHM.NS/MPHASIS.NS,IT,2022-05-30,-1.0,-78.22415702075432,-0.41224197185757294,-85993.41357239871,1042135.0483357457,6042135.048335746
TECHM.NS/MPHASIS.NS,IT,2022-05-31,-1.0,-67.26021188553773,-0.0927248330368446,-63682.827716516804,978452.2206192289,5978452.220619229
TECHM.NS/MPHASIS.NS,IT,2022-06-01,-1.0,-69.39867818427251,-0.17121465218838078,85440.03872034929,1063892.2593395782,6063892.259339578
TECHM.NS/MPHASIS.NS,IT,2022-06-02,-1.0,-92.58877247108671,-0.9115798794977824,52910.389897702305,1116802.6492372805,6116802.649237281
TECHM.NS/MPHASIS.NS,IT,2022-06-03,-1.0,-84.1994093641706,-0.6378214140510061,-22998.220314032038,1093804.4289232485,6093804.428923248
TECHM.NS/MPHASIS.NS,IT,2022-06-06,-1.0,-74.99871446495831,-0.33736554912807015,-10834.486023346455,1082969.9428999021,6082969.942899902
TECHM.NS/MPHASIS.NS,IT,2022-06-07,-1.0,-73.77170377893071,-0.2844439860461988,31968.815597652283,1114938.7584975543,6114938.758497555
TECHM.NS/MPHASIS.NS,IT,2022-06-08,0.0,-85.49789327940925,-0.6461933511023611,29143.813090001255,1144082.5715875556,6144082.571587555
TECHM.NS/MPHASIS.NS,IT,2022-06-09,0.0,-102.30707177750742,-1.1746543280422908,-0.0,1144082.5715875556,6144082.571587555
TECHM.NS/MPHASIS.NS,IT,2022-06-10,1.0,-91.67737252648658,-0.8333426326451611,-12500.0,1131582.5715875556,6131582.571587555
TECHM.NS/MPHASIS.NS,IT,2022-06-13,1.0,-81.98465702088356,-0.5196963875640279,-129305.07483226339,1002277.4967552922,6002277.496755293
TECHM.NS/MPHASIS.NS,IT,2022-06-14,1.0,-76.27378463447167,-0.31120912194668077,-46212.293631971166,956065.2031233211,5956065.203123321
TECHM.NS/MPHASIS.NS,IT,2022-06-15,1.0,-98.19159368427415,-0.9997369519004502,-81486.24474959276,874578.9583737283,5874578.958373728
TECHM.NS/MPHASIS.NS,IT,2022-06-16,1.0,-123.83777192668833,-1.7826689682921868,-189807.72673350025,684771.2316402281,5684771.231640228
TECHM.NS/MPHASIS.NS,IT,2022-06-17,1.0,-84.86418795149734,-0.46987314575021993,63256.448457257444,748027.6800974855,5748027.680097486
TECHM.NS/MPHASIS.NS,IT,2022-06-20,1.0,-66.92301689185308,0.17002949054927635,88946.56987639493,836974.2499738805,5836974.24997388
TECHM.NS/MPHASIS.NS,IT,2022-06-21,1.0,-93.0330238420845,-0.7150429260745296,-6583.425592927225,830390.8243809532,5830390.824380953
TECHM.NS/MPHASIS.NS,IT,2022-06-22,1.0,-110.86850109858665,-1.292802655346021,-102411.37297840398,727979.4514025493,5727979.45140255
TECHM.NS/MPHASIS.NS,IT,2022-06-23,1.0,-111.2778278069593,-1.2728852691493244,32533.50379440151,760512.9551969508,5760512.955196951
TECHM.NS/MPHASIS.NS,IT,2022-06-24,1.0,-98.97335816863767,-0.852935859303901,306.376689318006,760819.3318862688,5760819.331886269
TECHM.NS/MPHASIS.NS,IT,2022-06-27,1.0,-109.09332708271165,-1.2651782238936513,52653.50863583042,813472.8405220992,5813472.840522099
TECHM.NS/MPHASIS.NS,IT,2022-06-28,1.0,-110.9068005324284,-1.3445024197615218,35200.40686428773,848673.2473863869,5848673.247386387
TECHM.NS/MPHASIS.NS,IT,2022-06-29,1.0,-87.37121475114373,-0.5283199642588701,56834.51430781622,905507.7616942031,5905507.761694203
TECHM.NS/MPHASIS.NS,IT,2022-06-30,1.0,-96.7849432265167,-0.8680725900658115,-82753.41627999641,822754.3454142067,5822754.345414206
TECHM.NS/MPHASIS.NS,IT,2022-07-01,1.0,-65.91178888298225,0.23548450607454732,106789.67986801267,929544.0252822194,5929544.025282219
TECHM.NS/MPHASIS.NS,IT,2022-07-04,0.0,-69.92309141974852,0.0821032482138536,-52895.321631547995,876648.7036506714,5876648.703650671
TECHM.NS/MPHASIS.NS,IT,2022-07-05,0.0,-61.78094472701048,0.3845189949063514,0.0,876648.7036506714,5876648.703650671
TECHM.NS/MPHASIS.NS,IT,2022-07-06,0.0,-70.54758476282325,0.059718089302321295,-0.0,876648.7036506714,5876648.703650671
TECHM.NS/MPHASIS.NS,IT,2022-07-07,0.0,-63.677372111339764,0.31560578618039553,0.0,876648.7036506714,5876648.703650671
TECHM.NS/MPHASIS.NS,IT,2022-07-08,0.0,-68.45417177008039,0.1453666040539706,0.0,876648.7036506714,5876648.703650671
TECHM.NS/MPHASIS.NS,IT,2022-07-11,0.0,-71.30012999792098,0.04701221566722754,-0.0,876648.7036506714,5876648.703650671
TECHM.NS/MPHASIS.NS,IT,2022-07-12,0.0,-64.64053775810135,0.307491042437138,-0.0,876648.7036506714,5876648.703650671
TECHM.NS/MPHASIS.NS,IT,2022-07-13,0.0,-63.30343028045638,0.3508379497208693,-0.0,876648.7036506714,5876648.703650671
TECHM.NS/MPHASIS.NS,IT,2022-07-14,0.0,-60.31107948141471,0.4505119321179602,-0.0,876648.7036506714,5876648.703650671
TECHM.NS/MPHASIS.NS,IT,2022-07-15,0.0,-74.77575586528815,-0.09200538702276566,-0.0,876648.7036506714,5876648.703650671
TECHM.NS/MPHASIS.NS,IT,2022-07-18,0.0,-53.10204339393431,0.6940540552737373,0.0,876648.7036506714,5876648.703650671
TECHM.NS/MPHASIS.NS,IT,2022-07-19,0.0,-48.22414823049019,0.854149901865818,0.0,876648.7036506714,5876648.703650671
TECHM.NS/MPHASIS.NS,IT,2022-07-20,0.0,-62.242015789981224,0.3393633147429634,0.0,876648.7036506714,5876648.703650671
TECHM.NS/MPHASIS.NS,IT,2022-07-21,0.0,-48.56313960435875,0.8204558136674354,0.0,876648.7036506714,5876648.703650671
TECHM.NS/MPHASIS.NS,IT,2022-07-22,0.0,-59.16843456497645,0.4202597167982194,-0.0,876648.7036506714,5876648.703650671
TECHM.NS/MPHASIS.NS,IT,2022-07-25,0.0,-88.4792026908865,-0.6719906317269116,-0.0,876648.7036506714,5876648.703650671
TECHM.NS/MPHASIS.NS,IT,2022-07-26,0.0,-43.19770878485224,0.9756527392974327,0.0,876648.7036506714,5876648.703650671
TECHM.NS/MPHASIS.NS,IT,2022-07-27,0.0,-52.943876226062685,0.6002428481523714,-0.0,876648.7036506714,5876648.703650671
TECHM.NS/MPHASIS.NS,IT,2022-07-28,0.0,-34.112484745617735,1.2867256397275812,0.0,876648.7036506714,5876648.703650671
TECHM.NS/MPHASIS.NS,IT,2022-07-29,-1.0,-51.56635743069137,0.6904441179159805,-12500.0,864148.7036506714,5864148.703650671
TECHM.NS/MPHASIS.NS,IT,2022-08-01,-1.0,-53.32374782537386,0.6655773408582842,1649.9324808566107,865798.6361315281,5865798.636131528
TECHM.NS/MPHASIS.NS,IT,2022-08-02,-1.0,-58.43345523510368,0.4853621994686132,57783.60399282193,923582.24012435,5923582.24012435
TECHM.NS/MPHASIS.NS,IT,2022-08-03,-1.0,-56.57039669488893,0.5712937014193589,-59427.2627890749,864154.977335275,5864154.977335275
TECHM.NS/MPHASIS.NS,IT,2022-08-04,-1.0,-75.24537897275582,-0.13251751065173858,35099.79318161294,899254.770516888,5899254.770516888
TECHM.NS/MPHASIS.NS,IT,2022-08-05,-1.0,-83.21188800760603,-0.4542091999398929,12624.079243866046,911878.849760754,5911878.849760754
TECHM.NS/MPHASIS.NS,IT,2022-08-08,-1.0,-83.052688700933,-0.422314747896576,3989.309541826567,915868.1593025806,5915868.159302581
TECHM.NS/MPHASIS.NS,IT,2022-08-10,-1.0,-73.02202197429153,0.12481410785994372,-19227.492287584042,896640.6670149966,5896640.6670149965
TECHM.NS/MPHASIS.NS,IT,2022-08-11,-1.0,-79.15128834216534,-0.21529316460064166,-45497.462849589014,851143.2041654076,5851143.204165407
TECHM.NS/MPHASIS.NS,IT,2022-08-12,-1.0,-67.69369294225021,0.3921970197306764,4264.953907134406,855408.1580725419,5855408.158072542
TECHM.NS/MPHASIS.NS,IT,2022-08-16,-1.0,-48.88899449836515,1.3836111294437712,-75016.47086021525,780391.6872123267,5780391.687212327
TECHM.NS/MPHASIS.NS,IT,2022-08-17,-1.0,-46.78865853931188,1.4500937461594292,-74609.80409292626,705781.8831194004,5705781.883119401
TECHM.NS/MPHASIS.NS,IT,2022-08-18,-1.0,-49.0815233511737,1.2842442602028863,3592.3711211033014,709374.2542405037,5709374.254240504
TECHM.NS/MPHASIS.NS,IT,2022-08-19,-1.0,-42.78224743442229,1.5584339917076768,-11816.290937163947,697557.9633033397,5697557.96330334
TECHM.NS/MPHASIS.NS,IT,2022-08-22,-1.0,-44.881437587142386,1.4032497590364357,69060.53829844676,766618.5016017865,5766618.501601786
TECHM.NS/MPHASIS.NS,IT,2022-08-23,-1.0,-21.838231198619496,2.3869401562771397,-20793.092158624542,745825.4094431619,5745825.409443162
TECHM.NS/MPHASIS.NS,IT,2022-08-24,-1.0,1.314654450058356,3.1232768522398713,-69144.09949405359,676681.3099491083,5676681.309949108
TECHM.NS/MPHASIS.NS,IT,2022-08-25,-1.0,12.557122661369363,3.2199308999784884,-26935.881074709385,649745.4288743989,5649745.428874399
TECHM.NS/MPHASIS.NS,IT,2022-08-26,-1.0,36.93151504368939,3.614737083525666,-98166.73062392363,551578.6982504753,5551578.698250475
TECHM.NS/MPHASIS.NS,IT,2022-08-29,-1.0,26.388723763907592,2.9522339585062602,146280.2382326955,697858.9364831708,5697858.936483171
TECHM.NS/MPHASIS.NS,IT,2022-08-30,-1.0,43.443813729400745,3.135718051968078,-147462.5837208961,550396.3527622747,5550396.352762274
TECHM.NS/MPHASIS.NS,IT,2022-09-01,-1.0,38.47195358914746,2.7407825250771816,68376.21895542437,618772.5717176991,5618772.571717699
TECHM.NS/MPHASIS.NS,IT,2022-09-02,-1.0,50.67915968157024,2.807966072675935,-40617.307983587416,578155.2637341117,5578155.263734112
TECHM.NS/MPHASIS.NS,IT,2022-09-05,-1.0,50.00993432009159,2.5813367847275654,-19145.283052953284,559009.9806811584,5559009.980681159
TECHM.NS/MPHASIS.NS,IT,2022-09-06,-1.0,62.0195451862445,2.6550107786422488,-28286.884566552697,530723.0961146057,5530723.096114606
TECHM.NS/MPHASIS.NS,IT,2022-09-07,-1.0,45.529100518281325,2.1503455608706323,62575.91353088343,593299.009645489,5593299.009645489
TECHM.NS/MPHASIS.NS,IT,2022-09-08,-1.0,69.68617562059978,2.490165479722597,-145795.68407473696,447503.3255707521,5447503.325570752
TECHM.NS/MPHASIS.NS,IT,2022-09-09,-1.0,81.74895474736263,2.5394949385923677,-116833.27833597154,330670.04723478056,5330670.04723478
TECHM.NS/MPHASIS.NS,IT,2022-09-12,-1.0,95.60550345902061,2.605611266814179,-87100.5885762952,243569.45865848538,5243569.458658486
TECHM.NS/MPHASIS.NS,IT,2022-09-13,-1.0,96.86665208939405,2.469874475037108,2429.9923889775578,245999.45104746294,5245999.451047463
TECHM.NS/MPHASIS.NS,IT,2022-09-14,-1.0,94.53350663509752,2.278037671154583,75648.51976531491,321647.9708127779,5321647.970812778
TECHM.NS/MPHASIS.NS,IT,2022-09-15,-1.0,63.90041713381106,1.6731304233417739,149931.3075802713,471579.27839304914,5471579.278393049
TECHM.NS/MPHASIS.NS,IT,2022-09-16,-1.0,54.18416781232543,1.4526381391031324,141410.60173467835,612989.8801277275,5612989.880127728
TECHM.NS/MPHASIS.NS,IT,2022-09-19,-1.0,54.722815243821515,1.4119127896419363,-16964.485705493073,596025.3944222345,5596025.394422235
TECHM.NS/MPHASIS.NS,IT,2022-09-20,-1.0,50.46083692766399,1.29767728854801,-29154.31162774801,566871.0827944865,5566871.082794487
TECHM.NS/MPHASIS.NS,IT,2022-09-21,-1.0,53.007951935164215,1.2951345159042118,-16427.87907656964,550443.2037179169,5550443.203717917
TECHM.NS/MPHASIS.NS,IT,2022-09-22,-1.0,49.64434998435297,1.2006909455747237,37152.737211734595,587595.9409296515,5587595.940929651
TECHM.NS/MPHASIS.NS,IT,2022-09-23,-1.0,54.53964728103995,1.2438500095694338,19371.08058589953,606967.021515551,5606967.021515551
TECHM.NS/MPHASIS.NS,IT,2022-09-26,-1.0,42.79485700649843,1.0120488663341791,37347.32170640083,644314.3432219519,5644314.343221952
TECHM.NS/MPHASIS.NS,IT,2022-09-27,-1.0,29.525073085471718,0.7605912090473556,61599.9044703704,705914.2476923222,5705914.247692322
TECHM.NS/MPHASIS.NS,IT,2022-09-28,-1.0,23.29828104339208,0.630860229221764,-1715.7379606527224,704198.5097316696,5704198.50973167
TECHM.NS/MPHASIS.NS,IT,2022-09-29,-1.0,6.313931409426914,0.3205476734057045,102471.79277217278,806670.3025038424,5806670.302503843
TECHM.NS/MPHASIS.NS,IT,2022-09-30,-1.0,2.7019796491907755,0.24110756921683077,5577.278443527956,812247.5809473704,5812247.58094737
TECHM.NS/MPHASIS.NS,IT,2022-10-03,-1.0,34.21766379810276,0.760798822474744,-74683.18134544208,737564.3996019283,5737564.399601928
TECHM.NS/MPHASIS.NS,IT,2022-10-04,-1.0,28.175683943937088,0.6315694393109573,-42308.53246384511,695255.8671380832,5695255.867138083
TECHM.NS/MPHASIS.NS,IT,2022-10-06,-1.0,8.057540110964283,0.2596000210959934,45812.52503416242,741068.3921722457,5741068.392172245
TECHM.NS/MPHASIS.NS,IT,2022-10-07,-1.0,3.064735536398075,0.15122128219176711,32199.655457076304,773268.0476293219,5773268.047629322
TECHM.NS/MPHASIS.NS,IT,2022-10-10,-1.0,4.482009394085935,0.1574502859828011,-18077.608989707525,755190.4386396144,5755190.438639615
TECHM.NS/MPHASIS.NS,IT,2022-10-11,-1.0,-3.160748193463519,0.0016051398511163118,83470.66976449866,838661.108404113,5838661.108404113
TECHM.NS/MPHASIS.NS,IT,2022-10-12,-1.0,9.099127296135634,0.20561090144211758,-61826.192462292944,776834.91594182,5776834.91594182
TECHM.NS/MPHASIS.NS,IT,2022-10-13,-1.0,6.9431858474805495,0.14317021857435458,13412.00931782037,790246.9252596404,5790246.92525964
TECHM.NS/MPHASIS.NS,IT,2022-10-14,-1.0,4.934687394608659,0.0883716265084803,-12905.258866259162,777341.6663933813,5777341.666393382
TECHM.NS/MPHASIS.NS,IT,2022-10-17,-1.0,9.902790119568635,0.16475496425149364,-21882.4831802099,755459.1832131714,5755459.183213172
TECHM.NS/MPHASIS.NS,IT,2022-10-18,-1.0,0.6293986199002575,-0.031163919185968135,34266.590091455226,789725.7733046267,5789725.773304626
TECHM.NS/MPHASIS.NS,IT,2022-10-19,0.0,2.7894594059168867,-0.006194745731022006,-17582.964445660284,772142.8088589665,5772142.808858966
TECHM.NS/MPHASIS.NS,IT,2022-10-20,0.0,6.433325474755748,0.043690349680436454,0.0,772142.8088589665,5772142.808858966
TECHM.NS/MPHASIS.NS,IT,2022-10-21,0.0,49.93789133777159,0.8702596917703691,0.0,772142.8088589665,5772142.808858966
TECHM.NS/MPHASIS.NS,IT,2022-10-24,0.0,58.13428489145167,1.000586762517314,0.0,772142.8088589665,5772142.808858966
TECHM.NS/MPHASIS.NS,IT,2022-10-25,-1.0,89.65173883899331,1.5708906462276513,-12500.0,759642.8088589665,5759642.808858966
TECHM.NS/MPHASIS.NS,IT,2022-10-27,-1.0,110.95709352121332,1.8976685697304023,-42495.338884483994,717147.4699744824,5717147.469974482
TECHM.NS/MPHASIS.NS,IT,2022-10-28,-1.0,96.75852366319373,1.562455565983741,99092.47083046805,816239.9408049504,5816239.940804951
TECHM.NS/MPHASIS.NS,IT,2022-10-31,-1.0,96.48562585717616,1.5023782763687605,-32515.113987705146,783724.8268172452,5783724.826817245
TECHM.NS/MPHASIS.NS,IT,2022-11-01,-1.0,89.23766183567659,1.321211142842938,3047.31563075119,786772.1424479964,5786772.142447997
TECHM.NS/MPHASIS.NS,IT,2022-11-02,-1.0,88.47887790736343,1.2667629280922976,-23274.138358822634,763498.0040891737,5763498.004089174
TECHM.NS/MPHASIS.NS,IT,2022-11-03,-1.0,82.55897621116787,1.1249677167224634,81985.93872972584,845483.9428188996,5845483.9428189
TECHM.NS/MPHASIS.NS,IT,2022-11-04,-1.0,91.62948887744017,1.2802058227319284,-26912.041895972918,818571.9009229267,5818571.900922927
TECHM.NS/MPHASIS.NS,IT,2022-11-07,-1.0,86.76576997644145,1.1634580277999989,13909.923988393271,832481.82491132,5832481.82491132
TECHM.NS/MPHASIS.NS,IT,2022-11-09,-1.0,93.93272136063308,1.291292490281865,-3794.0174552065314,828687.8074561135,5828687.807456113
TECHM.NS/MPHASIS.NS,IT,2022-11-10,-1.0,96.22397548121467,1.3279658725575394,11455.95628471687,840143.7637408304,5840143.76374083
TECHM.NS/MPHASIS.NS,IT,2022-11-11,-1.0,88.19835213329759,1.132854066150125,-66060.82595675364,774082.9377840767,5774082.937784077
TECHM.NS/MPHASIS.NS,IT,2022-11-14,-1.0,90.42669422647793,1.1606144657810114,-21428.933111139148,752654.0046729376,5752654.004672937
TECHM.NS/MPHASIS.NS,IT,2022-11-15,-1.0,100.99859460921027,1.3863267723325807,-32203.81783670961,720450.186836228,5720450.186836228
TECHM.NS/MPHASIS.NS,IT,2022-11-16,-1.0,91.31799535240691,1.1323382361714116,26634.549400414187,747084.7362366422,5747084.736236642
TECHM.NS/MPHASIS.NS,IT,2022-11-17,-1.0,110.8246009114199,1.599514940550099,-33613.33243843049,713471.4037982117,5713471.403798211
TECHM.NS/MPHASIS.NS,IT,2022-11-18,-1.0,122.94412557978376,1.883753441210762,-38922.76021055603,674548.6435876557,5674548.643587655
TECHM.NS/MPHASIS.NS,IT,2022-11-21,-1.0,116.48650504879731,1.6672125214833782,58502.662944999014,733051.3065326548,5733051.306532655
TECHM.NS/MPHASIS.NS,IT,2022-11-22,-1.0,124.25007495539103,1.8004523775334664,-40346.15150443388,692705.155028221,5692705.155028221
TECHM.NS/MPHASIS.NS,IT,2022-11-23,-1.0,128.6079230613609,1.8314358242447086,2221.476823118288,694926.6318513392,5694926.63185134
TECHM.NS/MPHASIS.NS,IT,2022-11-24,-1.0,133.5451573923467,1.8647008370548548,-70317.13004227095,624609.5018090683,5624609.501809068
TECHM.NS/MPHASIS.NS,IT,2022-11-25,-1.0,122.8672922445055,1.5314285420198763,6764.303811915579,631373.8056209838,5631373.805620984
TECHM.NS/MPHASIS.NS,IT,2022-11-28,-1.0,110.94836942674385,1.1930786833252853,39326.307519509595,670700.1131404934,5670700.113140494
TECHM.NS/MPHASIS.NS,IT,2022-11-29,-1.0,111.95915708218479,1.1771407321319054,3109.5228123523516,673809.6359528458,5673809.635952846
TECHM.NS/MPHASIS.NS,IT,2022-11-30,-1.0,108.41503497159192,1.057476578003016,4284.958703825799,678094.5946566716,5678094.594656671
TECHM.NS/MPHASIS.NS,IT,2022-12-01,-1.0,80.56585931007487,0.3695658631813286,21380.026851351795,699474.6215080235,5699474.621508024
TECHM.NS/MPHASIS.NS,IT,2022-12-02,-1.0,83.0218317684903,0.4200291644036645,-36171.98985911261,663302.6316489108,5663302.631648911
TECHM.NS/MPHASIS.NS,IT,2022-12-05,-1.0,78.69519142846036,0.3022345517959423,44356.05319457594,707658.6848434868,5707658.684843487
TECHM.NS/MPHASIS.NS,IT,2022-12-06,-1.0,85.9395359297572,0.47047261783117905,6128.636805703587,713787.3216491904,5713787.32164919
TECHM.NS/MPHASIS.NS,IT,2022-12-07,-1.0,87.051280930659,0.4947791055896343,21411.60520674069,735198.9268559311,5735198.926855931
TECHM.NS/MPHASIS.NS,IT,2022-12-08,-1.0,79.29455653521438,0.31484351137599303,29474.114897047555,764673.0417529786,5764673.041752978
TECHM.NS/MPHASIS.NS,IT,2022-12-09,-1.0,79.75165280434032,0.3341223292508884,88479.1671001977,853152.2088531763,5853152.208853176
TECHM.NS/MPHASIS.NS,IT,2022-12-12,-1.0,76.23506010011363,0.25681805141891423,17305.16829814995,870457.3771513263,5870457.377151326
TECHM.NS/MPHASIS.NS,IT,2022-12-13,-1.0,92.59270918487675,0.6427106461888973,-77745.38771896162,792711.9894323647,5792711.989432365
TECHM.NS/MPHASIS.NS,IT,2022-12-14,-1.0,104.73943514960456,0.9121338004952639,-78574.07979617082,714137.9096361939,5714137.909636194
TECHM.NS/MPHASIS.NS,IT,2022-12-15,-1.0,83.30256851655497,0.38161711754370264,154340.9646999659,868478.8743361598,5868478.87433616
TECHM.NS/MPHASIS.NS,IT,2022-12-16,-1.0,102.26788166786253,0.8159766724847574,-48407.06025376135,820071.8140823984,5820071.814082398
TECHM.NS/MPHASIS.NS,IT,2022-12-19,-1.0,103.34581153307613,0.8179487048769591,-16939.876061383515,803131.9380210149,5803131.938021015
TECHM.NS/MPHASIS.NS,IT,2022-12-20,-1.0,83.93828029906206,0.33926144101651257,75838.67580220981,878970.6138232247,5878970.613823225
TECHM.NS/MPHASIS.NS,IT,2022-12-21,-1.0,87.49716795308677,0.4113570225230897,-29538.20267161646,849432.4111516082,5849432.411151608
TECHM.NS/MPHASIS.NS,IT,2022-12-22,0.0,65.89648727445149,-0.11649347271704236,72352.53768063748,921784.9488322457,5921784.948832246
TECHM.NS/MPHASIS.NS,IT,2022-12-23,0.0,77.35727480358935,0.14143961408727895,-0.0,921784.9488322457,5921784.948832246
TECHM.NS/MPHASIS.NS,IT,2022-12-26,0.0,83.15839132055385,0.26102049142222233,0.0,921784.9488322457,5921784.948832246
TECHM.NS/MPHASIS.NS,IT,2022-12-27,0.0,80.1337744456556,0.16018608683637253,0.0,921784.9488322457,5921784.948832246
TECHM.NS/MPHASIS.NS,IT,2022-12-28,0.0,86.76064844551024,0.2996495531318192,0.0,921784.9488322457,5921784.948832246
TECHM.NS/MPHASIS.NS,IT,2022-12-29,0.0,87.75256488474645,0.3049360977047375,-0.0,921784.9488322457,5921784.948832246
TECHM.NS/MPHASIS.NS,IT,2022-12-30,0.0,73.26355914145665,-0.09355347403992902,-0.0,921784.9488322457,5921784.948832246
TECHM.NS/MPHASIS.NS,IT,2023-01-02,0.0,68.56231401152525,-0.25152076755705743,-0.0,921784.9488322457,5921784.948832246
TECHM.NS/MPHASIS.NS,IT,2023-01-03,0.0,66.58766566641759,-0.34620160300777625,0.0,921784.9488322457,5921784.948832246
TECHM.NS/MPHASIS.NS,IT,2023-01-04,0.0,62.61501078006415,-0.5038674200713282,-0.0,921784.9488322457,5921784.948832246
TECHM.NS/MPHASIS.NS,IT,2023-01-05,0.0,51.96234172425318,-0.8827093055851125,-0.0,921784.9488322457,5921784.948832246
TECHM.NS/MPHASIS.NS,IT,2023-01-06,0.0,44.32106833886064,-1.171191232005462,-0.0,921784.9488322457,5921784.948832246
TECHM.NS/MPHASIS.NS,IT,2023-01-09,0.0,61.00906838207254,-0.7033661410204082,0.0,921784.9488322457,5921784.948832246
TECHM.NS/MPHASIS.NS,IT,2023-01-10,0.0,54.33481480431499,-1.0016930470831373,-0.0,921784.9488322457,5921784.948832246
TECHM.NS/MPHASIS.NS,IT,2023-01-11,0.0,40.68987572714377,-1.5534733555859805,-0.0,921784.9488322457,5921784.948832246
TECHM.NS/MPHASIS.NS,IT,2023-01-12,0.0,42.56657716384859,-1.6071017683326887,-0.0,921784.9488322457,5921784.948832246
TECHM.NS/MPHASIS.NS,IT,2023-01-13,0.0,35.21700027286397,-2.0222471848340287,-0.0,921784.9488322457,5921784.948832246
TECHM.NS/MPHASIS.NS,IT,2023-01-16,0.0,61.074865472029614,-1.0959106908969514,0.0,921784.9488322457,5921784.948832246
TECHM.NS/MPHASIS.NS,IT,2023-01-17,1.0,70.70988871178577,-0.6955809627764774,-12500.0,909284.9488322457,5909284.948832246
TECHM.NS/MPHASIS.NS,IT,2023-01-18,1.0,70.4188510963146,-0.7248198502706739,4710.879368265103,913995.8282005108,5913995.828200511
TECHM.NS/MPHASIS.NS,IT,2023-01-19,1.0,66.27770514486065,-0.8902437402796695,692.8462649669628,914688.6744654778,5914688.6744654775
TECHM.NS/MPHASIS.NS,IT,2023-01-20,1.0,78.19848095473742,-0.3278833258548383,15450.9485944668,930139.6230599446,5930139.623059944
TECHM.NS/MPHASIS.NS,IT,2023-01-23,1.0,80.53811785444316,-0.20862664857354515,50844.61643651993,980984.2394964645,5980984.239496465
TECHM.NS/MPHASIS.NS,IT,2023-01-24,1.0,60.679552654581244,-1.0849852729593181,-40675.84678534984,940308.3927111146,5940308.392711114
TECHM.NS/MPHASIS.NS,IT,2023-01-25,1.0,63.25232811734395,-0.9410890113638914,-39318.15953001315,900990.2331811015,5900990.233181101
TECHM.NS/MPHASIS.NS,IT,2023-01-27,1.0,43.53683780767983,-1.751721902299717,-102808.33677329554,798181.896407806,5798181.896407806
TECHM.NS/MPHASIS.NS,IT,2023-01-30,1.0,30.168848038829424,-2.203725075933413,-20442.67555793672,777739.2208498692,5777739.220849869
TECHM.NS/MPHASIS.NS,IT,2023-01-31,1.0,29.9502086957026,-2.0891075931210983,-53735.35186072096,724003.8689891482,5724003.868989148
TECHM.NS/MPHASIS.NS,IT,2023-02-01,1.0,37.99917649827103,-1.6870143818107117,43827.66391678593,767831.5329059341,5767831.532905934
TECHM.NS/MPHASIS.NS,IT,2023-02-02,1.0,21.740546591895054,-2.1920898328180023,-61051.22230085389,706780.3106050802,5706780.31060508
TECHM.NS/MPHASIS.NS,IT,2023-02-03,1.0,20.562185677970092,-2.1106982571240547,-16939.80713782443,689840.5034672557,5689840.503467256
TECHM.NS/MPHASIS.NS,IT,2023-02-06,1.0,12.20376511258496,-2.266072493190202,-37499.50487968654,652340.9985875692,5652340.998587569
TECHM.NS/MPHASIS.NS,IT,2023-02-07,1.0,11.07817699819816,-2.16980198342306,-10616.525590291736,641724.4729972775,5641724.472997278
TECHM.NS/MPHASIS.NS,IT,2023-02-08,1.0,3.7227899706947483,-2.2698972835019484,3498.2905244633575,645222.7635217409,5645222.763521741
TECHM.NS/MPHASIS.NS,IT,2023-02-09,0.0,2.5053346300652493,-2.1733339775512435,-2525.943171489578,642696.8203502513,5642696.820350251
TECHM.NS/MPHASIS.NS,IT,2023-02-10,0.0,-1.8483755236358093,-2.182850779053006,-0.0,642696.8203502513,5642696.820350251
TECHM.NS/MPHASIS.NS,IT,2023-02-13,0.0,-4.6322999751499765,-2.1592554520058016,-0.0,642696.8203502513,5642696.820350251
TECHM.NS/MPHASIS.NS,IT,2023-02-14,0.0,-6.0532006356758075,-2.095060584759322,0.0,642696.8203502513,5642696.820350251
TECHM.NS/MPHASIS.NS,IT,2023-02-15,0.0,43.93152444094267,-0.6238791453406802,0.0,642696.8203502513,5642696.820350251
TECHM.NS/MPHASIS.NS,IT,2023-02-16,0.0,52.538645295885544,-0.34233912517442255,0.0,642696.8203502513,5642696.820350251
TECHM.NS/MPHASIS.NS,IT,2023-02-17,0.0,62.543549193023296,-0.0016395667042698138,0.0,642696.8203502513,5642696.820350251
TECHM.NS/MPHASIS.NS,IT,2023-02-20,0.0,73.11749382050562,0.37148850230905833,0.0,642696.8203502513,5642696.820350251
TECHM.NS/MPHASIS.NS,IT,2023-02-21,0.0,78.25217659200518,0.5686464015451919,-0.0,642696.8203502513,5642696.820350251
TECHM.NS/MPHASIS.NS,IT,2023-02-22,0.0,74.80954393758964,0.48557125354084746,-0.0,642696.8203502513,5642696.820350251
TECHM.NS/MPHASIS.NS,IT,2023-02-23,0.0,84.69497053693124,0.851517015765239,0.0,642696.8203502513,5642696.820350251
TECHM.NS/MPHASIS.NS,IT,2023-02-24,0.0,69.71829039949148,0.33816037585829656,-0.0,642696.8203502513,5642696.820350251
TECHM.NS/MPHASIS.NS,IT,2023-02-27,0.0,131.74215010467913,2.3647064023539537,0.0,642696.8203502513,5642696.820350251
TECHM.NS/MPHASIS.NS,IT,2023-02-28,-1.0,121.43987782022793,1.9375860339094013,-12500.0,630196.8203502513,5630196.820350251
TECHM.NS/MPHASIS.NS,IT,2023-03-01,-1.0,134.60489917365385,2.2454765713016873,-92725.96229010496,537470.8580601463,5537470.858060147
TECHM.NS/MPHASIS.NS,IT,2023-03-02,-1.0,124.96234631945981,1.8763193261497892,61067.161353183816,598538.0194133301,5598538.01941333
TECHM.NS/MPHASIS.NS,IT,2023-03-03,-1.0,89.59540880964755,0.7975479225178965,147178.4437899535,745716.4632032836,5745716.463203284
TECHM.NS/MPHASIS.NS,IT,2023-03-06,-1.0,69.02354982224722,0.182524073984869,43276.70542141591,788993.1686246995,5788993.168624699
TECHM.NS/MPHASIS.NS,IT,2023-03-08,-1.0,55.86883590901141,-0.20511616558581713,60866.00488805476,849859.1735127543,5849859.173512754
TECHM.NS/MPHASIS.NS,IT,2023-03-09,-1.0,56.43443190106018,-0.1709335151672514,41759.90532649461,891619.0788392489,5891619.078839249
TECHM.NS/MPHASIS.NS,IT,2023-03-10,-1.0,85.2899038178358,0.7256155362359197,-78301.42913570059,813317.6497035483,5813317.649703548
TECHM.NS/MPHASIS.NS,IT,2023-03-13,-1.0,182.2375492254539,3.308744037785796,-429311.47680408123,384006.17289946706,5384006.172899467
TECHM.NS/MPHASIS.NS,IT,2023-03-14,-1.0,193.16404184313535,3.2602056668279964,4954.745137442139,388960.9180369092,5388960.918036909
TECHM.NS/MPHASIS.NS,IT,2023-03-15,-1.0,191.24951389108458,2.950828578227623,7263.133571856544,396224.05160876573,5396224.0516087655
TECHM.NS/MPHASIS.NS,IT,2023-03-16,-1.0,191.8283921302417,2.7317070779610617,-8094.954992585183,388129.09661618056,5388129.096616181
TECHM.NS/MPHASIS.NS,IT,2023-03-17,-1.0,208.02754768489604,2.831379327180911,-64672.54614173766,323456.5504744429,5323456.550474443
TECHM.NS/MPHASIS.NS,IT,2023-03-20,-1.0,218.42351597332515,2.7855490449231555,3273.4180855293735,326729.96855997224,5326729.968559972
TECHM.NS/MPHASIS.NS,IT,2023-03-21,-1.0,219.622712767567,2.597669973504001,20836.512883046795,347566.48144301906,5347566.481443019
TECHM.NS/MPHASIS.NS,IT,2023-03-22,-1.0,220.16699031340102,2.4324707283207605,-8935.918931109041,338630.56251191004,5338630.56251191
TECHM.NS/MPHASIS.NS,IT,2023-03-23,-1.0,226.97512967858756,2.381152421314903,-20509.284094306902,318121.2784176031,5318121.278417603
TECHM.NS/MPHASIS.NS,IT,2023-03-24,-1.0,248.3171264622971,2.5307423356910053,-70281.34634380229,247839.93207380082,5247839.932073801
TECHM.NS/MPHASIS.NS,IT,2023-03-27,-1.0,254.5719212102116,2.4469467245070597,-21590.04604457388,226249.88602922694,5226249.886029227
TECHM.NS/MPHASIS.NS,IT,2023-03-28,-1.0,248.92528106124075,2.222505379102852,73668.01456948866,299917.9005987156,5299917.900598716
TECHM.NS/MPHASIS.NS,IT,2023-03-29,-1.0,237.86643658929472,1.963206098461994,17528.1959319336,317446.09653064917,5317446.096530649
TECHM.NS/MPHASIS.NS,IT,2023-03-31,-1.0,223.68090883773812,1.6964436032395451,8335.173005260925,325781.2695359101,5325781.26953591
TECHM.NS/MPHASIS.NS,IT,2023-04-03,-1.0,224.08114056417685,1.6302420596612228,-3680.3769967157546,322100.8925391944,5322100.892539195
TECHM.NS/MPHASIS.NS,IT,2023-04-05,-1.0,216.77543523396582,1.477517668564613,21779.071964128983,343879.96450332337,5343879.964503324
TECHM.NS/MPHASIS.NS,IT,2023-04-06,-1.0,216.28836554313148,1.4161735867335183,21280.9463478148,365160.9108511382,5365160.910851138
TECHM.NS/MPHASIS.NS,IT,2023-04-10,-1.0,221.76948463739768,1.428304798702218,-43676.73768827534,321484.17316286283,5321484.173162863
TECHM.NS/MPHASIS.NS,IT,2023-04-11,-1.0,219.09349786835764,1.345152157791129,24505.524241368315,345989.6974042312,5345989.697404231
TECHM.NS/MPHASIS.NS,IT,2023-04-12,-1.0,220.3801373377829,1.312093200634081,-25357.35404686225,320632.34335736895,5320632.343357369
TECHM.NS/MPHASIS.NS,IT,2023-04-13,-1.0,220.74239968193228,1.2702362169431736,40943.44401386814,361575.78737123706,5361575.787371237
TECHM.NS/MPHASIS.NS,IT,2023-04-17,-1.0,184.6930881729577,0.8157833734893571,216748.8856775912,578324.6730488283,5578324.673048828
TECHM.NS/MPHASIS.NS,IT,2023-04-18,-1.0,160.59437626770466,0.51137461926953,85937.81262632129,664262.4856751496,5664262.48567515
TECHM.NS/MPHASIS.NS,IT,2023-04-19,-1.0,150.44765037008221,0.3757909247857046,55434.99430566824,719697.4799808179,5719697.479980818
TECHM.NS/MPHASIS.NS,IT,2023-04-20,-1.0,168.42696319026152,0.569993318886218,-72702.0753186131,646995.4046622048,5646995.404662205
TECHM.NS/MPHASIS.NS,IT,2023-04-21,-1.0,147.12365540123824,0.30175133569624585,115354.39462327372,762349.7992854785,5762349.799285479
TECHM.NS/MPHASIS.NS,IT,2023-04-24,-1.0,153.50783413808392,0.3632858711638424,-36336.2967229129,726013.5025625656,5726013.502562566
TECHM.NS/MPHASIS.NS,IT,2023-04-25,-1.0,145.63161743066973,0.25682887404301663,44567.73531871358,770581.2378812792,5770581.23788128
TECHM.NS/MPHASIS.NS,IT,2023-04-26,-1.0,144.9255480146826,0.23266601172765508,3772.5802852267902,774353.818166506,5774353.818166506
TECHM.NS/MPHASIS.NS,IT,2023-04-27,-1.0,140.89491599508221,0.1695415618208245,-2798.3776882525804,771555.4404782534,5771555.440478253
TECHM.NS/MPHASIS.NS,IT,2023-04-28,-1.0,146.36731124817288,0.21665956079143006,-63049.358901732354,708506.081576521,5708506.081576521
TECHM.NS/MPHASIS.NS,IT,2023-05-02,-1.0,153.1997877573575,0.2780618486451279,-85955.01540196242,622551.0661745586,5622551.066174558
TECHM.NS/MPHASIS.NS,IT,2023-05-03,-1.0,144.5311588923953,0.14989359922955225,54995.68193246156,677546.7481070202,5677546.74810702
TECHM.NS/MPHASIS.NS,IT,2023-05-04,-1.0,152.88477702478167,0.2328501722931209,-37491.927427645576,640054.8206793746,5640054.820679375
TECHM.NS/MPHASIS.NS,IT,2023-05-05,-1.0,155.3182216079348,0.23955199954587605,12091.325561066493,652146.1462404411,5652146.146240441
TECHM.NS/MPHASIS.NS,IT,2023-05-08,-1.0,148.53663396646868,0.1276229273069106,5579.872773563855,657726.019014005,5657726.019014005
TECHM.NS/MPHASIS.NS,IT,2023-05-09,0.0,148.5365556659898,0.1002888462817307,-22088.605130096763,635637.4138839082,5635637.413883908
TECHM.NS/MPHASIS.NS,IT,2023-05-10,0.0,144.71446850247708,0.019749012734501428,-0.0,635637.4138839082,5635637.413883908
TECHM.NS/MPHASIS.NS,IT,2023-05-11,0.0,140.15599430001578,-0.07677584508250879,-0.0,635637.4138839082,5635637.413883908
TECHM.NS/MPHASIS.NS,IT,2023-05-12,0.0,150.5505507255931,0.03733616504549125,0.0,635637.4138839082,5635637.413883908
TECHM.NS/MPHASIS.NS,IT,2023-05-15,0.0,161.2919327251824,0.16272646213984124,0.0,635637.4138839082,5635637.413883908
TECHM.NS/MPHASIS.NS,IT,2023-05-16,0.0,148.49688310011345,-0.07790222082680183,-0.0,635637.4138839082,5635637.413883908
TECHM.NS/MPHASIS.NS,IT,2023-05-17,0.0,153.9901568367551,-0.03401893249121697,0.0,635637.4138839082,5635637.413883908
TECHM.NS/MPHASIS.NS,IT,2023-05-18,0.0,148.4950403927545,-0.1643987145572286,-0.0,635637.4138839082,5635637.413883908
TECHM.NS/MPHASIS.NS,IT,2023-05-19,0.0,150.69677561560252,-0.1591757177277833,0.0,635637.4138839082,5635637.413883908
TECHM.NS/MPHASIS.NS,IT,2023-05-22,0.0,153.19034430378497,-0.14507786874052428,0.0,635637.4138839082,5635637.413883908
TECHM.NS/MPHASIS.NS,IT,2023-05-23,0.0,151.1220423308149,-0.21395686270255052,-0.0,635637.4138839082,5635637.413883908
TECHM.NS/MPHASIS.NS,IT,2023-05-24,0.0,156.9598048778745,-0.12910496212325212,0.0,635637.4138839082,5635637.413883908
TECHM.NS/MPHASIS.NS,IT,2023-05-25,0.0,162.2296242635034,-0.054871148230489046,0.0,635637.4138839082,5635637.413883908
TECHM.NS/MPHASIS.NS,IT,2023-05-26,0.0,159.86136166867664,-0.13184350781785803,0.0,635637.4138839082,5635637.413883908
TECHM.NS/MPHASIS.NS,IT,2023-05-29,0.0,162.12108550763674,-0.12110686570040695,0.0,635637.4138839082,5635637.413883908
TECHM.NS/MPHASIS.NS,IT,2023-05-30,0.0,145.2480092708911,-0.4931159812176151,-0.0,635637.4138839082,5635637.413883908
TECHM.NS/MPHASIS.NS,IT,2023-05-31,0.0,172.2885563356324,0.07686112662489192,0.0,635637.4138839082,5635637.413883908
TECHM.NS/MPHASIS.NS,IT,2023-06-01,0.0,164.1226760017821,-0.11352256875754774,-0.0,635637.4138839082,5635637.413883908
TECHM.NS/MPHASIS.NS,IT,2023-06-02,0.0,149.2123826434414,-0.4538738480754379,-0.0,635637.4138839082,5635637.413883908
TECHM.NS/MPHASIS.NS,IT,2023-06-05,0.0,149.74097095068248,-0.47660734425167894,-0.0,635637.4138839082,5635637.413883908
TECHM.NS/MPHASIS.NS,IT,2023-06-06,0.0,159.90300813038095,-0.29345471085817126,-0.0,635637.4138839082,5635637.413883908
TECHM.NS/MPHASIS.NS,IT,2023-06-07,0.0,170.67741410623069,-0.08798846528948553,0.0,635637.4138839082,5635637.413883908
TECHM.NS/MPHASIS.NS,IT,2023-06-08,0.0,167.8841046834549,-0.22555271721455109,-0.0,635637.4138839082,5635637.413883908
TECHM.NS/MPHASIS.NS,IT,2023-06-09,0.0,165.01206974032846,-0.3629895471781587,-0.0,635637.4138839082,5635637.413883908
TECHM.NS/MPHASIS.NS,IT,2023-06-12,0.0,159.96979780359766,-0.5000302930505317,0.0,635637.4138839082,5635637.413883908
TECHM.NS/MPHASIS.NS,IT,2023-06-13,0.0,160.6100264733535,-0.4652004054166744,0.0,635637.4138839082,5635637.413883908
TECHM.NS/MPHASIS.NS,IT,2023-06-14,0.0,167.8450114158776,-0.24058282908196144,0.0,635637.4138839082,5635637.413883908
TECHM.NS/MPHASIS.NS,IT,2023-06-15,0.0,172.2151628136238,-0.10206891145197075,0.0,635637.4138839082,5635637.413883908
TECHM.NS/MPHASIS.NS,IT,2023-06-16,0.0,174.72530844409164,-0.011486300890353029,-0.0,635637.4138839082,5635637.413883908
TECHM.NS/MPHASIS.NS,IT,2023-06-19,0.0,183.8301563002102,0.28107733300736,0.0,635637.4138839082,5635637.413883908
TECHM.NS/MPHASIS.NS,IT,2023-06-20,0.0,191.2319302162698,0.5264418181405629,0.0,635637.4138839082,5635637.413883908
TECHM.NS/MPHASIS.NS,IT,2023-06-21,0.0,205.64457134260545,0.9846497372466974,0.0,635637.4138839082,5635637.413883908
TECHM.NS/MPHASIS.NS,IT,2023-06-22,0.0,214.0184207580803,1.262888670580404,0.0,635637.4138839082,5635637.413883908
TECHM.NS/MPHASIS.NS,IT,2023-06-23,-1.0,220.96020293667038,1.537297043378566,-12500.0,623137.4138839082,5623137.413883908
TECHM.NS/MPHASIS.NS,IT,2023-06-26,-1.0,224.93397836514043,1.742526483625739,-5382.440683440728,617754.9732004674,5617754.973200467
TECHM.NS/MPHASIS.NS,IT,2023-06-27,-1.0,221.2428011646939,1.6910405475756296,-2907.950613405914,614847.0225870615,5614847.022587062
TECHM.NS/MPHASIS.NS,IT,2023-06-28,-1.0,206.91707284650226,1.255068803478271,63798.724243906305,678645.7468309678,5678645.746830968
TECHM.NS/MPHASIS.NS,IT,2023-06-30,-1.0,207.67634473993496,1.311680299852669,-44842.047494733335,633803.6993362345,5633803.6993362345
TECHM.NS/MPHASIS.NS,IT,2023-07-03,-1.0,195.83146137195786,0.9230146438183731,51683.140381550955,685486.8397177855,5685486.839717786
TECHM.NS/MPHASIS.NS,IT,2023-07-04,-1.0,214.29207641679216,1.6132166850672855,-103560.41900848539,581926.4207093001,5581926.4207093
TECHM.NS/MPHASIS.NS,IT,2023-07-05,-1.0,231.15779052214248,2.1911274084319734,-97157.09129174438,484769.3294175557,5484769.329417556
TECHM.NS/MPHASIS.NS,IT,2023-07-06,-1.0,234.63211648156846,2.272840596396094,-17225.723274479595,467543.6061430761,5467543.606143076
TECHM.NS/MPHASIS.NS,IT,2023-07-07,-1.0,216.2391799953989,1.6185433702947227,92135.92720290383,559679.5333459799,5559679.53334598
TECHM.NS/MPHASIS.NS,IT,2023-07-10,-1.0,205.30803016121467,1.2511957903296416,47016.60505408719,606696.1384000671,5606696.138400067
TECHM.NS/MPHASIS.NS,IT,2023-07-11,-1.0,207.5400426549396,1.3584154359460767,-32591.46655501451,574104.6718450526,5574104.671845052
TECHM.NS/MPHASIS.NS,IT,2023-07-12,-1.0,207.8134051861315,1.3362976812964185,2953.436493125719,577058.1083381784,5577058.108338178
TECHM.NS/MPHASIS.NS,IT,2023-07-13,-1.0,214.03644050919672,1.50290437851273,-46264.61880008817,530793.4895380902,5530793.48953809
TECHM.NS/MPHASIS.NS,IT,2023-07-14,-1.0,197.83894006907838,0.8923800032722491,-50036.58840809277,480756.9011299974,5480756.901129997
TECHM.NS/MPHASIS.NS,IT,2023-07-17,-1.0,186.644913257864,0.4800152607763592,4566.247175637272,485323.1483056347,5485323.148305635
TECHM.NS/MPHASIS.NS,IT,2023-07-18,-1.0,191.3727114826055,0.6251782251489021,-21107.410829042674,464215.737476592,5464215.737476592
TECHM.NS/MPHASIS.NS,IT,2023-07-19,-1.0,168.79653313591064,-0.19477112462725016,61921.232754715085,526136.9702313071,5526136.970231307
TECHM.NS/MPHASIS.NS,IT,2023-07-20,-1.0,157.07813798175277,-0.6275273584971196,13827.361458413337,539964.3316897204,5539964.33168972
TECHM.NS/MPHASIS.NS,IT,2023-07-21,-1.0,82.98638827593868,-3.034264473867903,227935.65045211854,767899.9821418389,5767899.982141839
TECHM.NS/MPHASIS.NS,IT,2023-07-24,-1.0,77.82695941611632,-2.954280092511202,81357.93819340115,849257.92033524,5849257.92033524
TECHM.NS/MPHASIS.NS,IT,2023-07-25,-1.0,74.89205497256671,-2.8122110650868564,18447.365078405866,867705.2854136458,5867705.285413646
TECHM.NS/MPHASIS.NS,IT,2023-07-26,-1.0,68.65977373093267,-2.75913498047941,43593.674350696594,911298.9597643424,5911298.959764343
TECHM.NS/MPHASIS.NS,IT,2023-07-27,-1.0,17.726665471199453,-3.6162923366265503,216543.52517929138,1127842.484943634,6127842.484943634
TECHM.NS/MPHASIS.NS,IT,2023-07-28,-1.0,22.8741348802929,-3.137775793692439,9229.323933589443,1137071.8088772234,6137071.808877223
TECHM.NS/MPHASIS.NS,IT,2023-07-31,-1.0,25.9047981234811,-2.8113079660934774,-66246.7830035335,1070825.02587369,6070825.02587369
TECHM.NS/MPHASIS.NS,IT,2023-08-01,-1.0,51.5899373898618,-2.1616545011982495,-125857.2239639077,944967.8019097822,5944967.801909782
TECHM.NS/MPHASIS.NS,IT,2023-08-02,-1.0,90.95910798653858,-1.348742211833283,-96617.83661903582,848349.9652907464,5848349.965290747
TECHM.NS/MPHASIS.NS,IT,2023-08-03,-1.0,75.98418812843647,-1.5822550132562567,42424.456864643325,890774.4221553898,5890774.42215539
TECHM.NS/MPHASIS.NS,IT,2023-08-04,-1.0,93.86734258893853,-1.214730199767716,-113860.26286959645,776914.1592857933,5776914.159285793
TECHM.NS/MPHASIS.NS,IT,2023-08-07,0.0,72.84726739463758,-1.5509869607783946,19437.51036718446,796351.6696529777,5796351.669652978
TECHM.NS/MPHASIS.NS,IT,2023-08-08,0.0,88.36193082376985,-1.228172534444723,0.0,796351.6696529777,5796351.669652978
TECHM.NS/MPHASIS.NS,IT,2023-08-09,0.0,98.97121087320431,-1.0124722300065165,0.0,796351.6696529777,5796351.669652978
TECHM.NS/MPHASIS.NS,IT,2023-08-10,0.0,112.30458846129113,-0.7572015110610391,0.0,796351.6696529777,5796351.669652978
TECHM.NS/MPHASIS.NS,IT,2023-08-11,0.0,106.62195628893073,-0.8410454286762227,-0.0,796351.6696529777,5796351.669652978
TECHM.NS/MPHASIS.NS,IT,2023-08-14,0.0,89.61188940577256,-1.112598925314378,-0.0,796351.6696529777,5796351.669652978
TECHM.NS/MPHASIS.NS,IT,2023-08-16,1.0,119.97931674871325,-0.5685590978283014,-12500.0,783851.6696529777,5783851.669652978
TECHM.NS/MPHASIS.NS,IT,2023-08-17,1.0,112.49897932685099,-0.6853718278985053,-9630.958658367623,774220.7109946101,5774220.710994611
TECHM.NS/MPHASIS.NS,IT,2023-08-18,1.0,114.49596328031623,-0.6360612536506813,-36795.924367948,737424.7866266621,5737424.786626662
TECHM.NS/MPHASIS.NS,IT,2023-08-21,1.0,110.67062381622588,-0.684995512239238,7168.17262622729,744592.9592528894,5744592.959252889
TECHM.NS/MPHASIS.NS,IT,2023-08-22,1.0,83.22859503914583,-1.1253968072110747,-74644.96197323156,669947.9972796579,5669947.997279658
TECHM.NS/MPHASIS.NS,IT,2023-08-23,1.0,78.28022082237635,-1.1725370315887313,-36328.28263728118,633619.7146423766,5633619.714642377
TECHM.NS/MPHASIS.NS,IT,2023-08-24,1.0,29.160647629440064,-1.9079313069749755,-115594.12299337881,518025.59164899786,5518025.591648998
TECHM.NS/MPHASIS.NS,IT,2023-08-25,1.0,51.42152112671829,-1.483863266818962,27312.663019213207,545338.2546682111,5545338.254668212
TECHM.NS/MPHASIS.NS,IT,2023-08-28,1.0,73.67745042238835,-1.0911727017719843,39494.97295554039,584833.2276237515,5584833.227623751
TECHM.NS/MPHASIS.NS,IT,2023-08-29,1.0,94.20541164647761,-0.745847992896886,75304.52688787777,660137.7545116292,5660137.754511629
TECHM.NS/MPHASIS.NS,IT,2023-08-30,1.0,69.78228738071118,-1.1006564125415006,-58187.845181882905,601949.9093297464,5601949.909329746
TECHM.NS/MPHASIS.NS,IT,2023-08-31,1.0,46.92176888421136,-1.406605290061222,-41650.25851890391,560299.6508108425,5560299.650810842
TECHM.NS/MPHASIS.NS,IT,2023-09-01,1.0,68.82250716386716,-1.0347846284210123,104388.06259910026,664687.7134099428,5664687.713409943
TECHM.NS/MPHASIS.NS,IT,2023-09-04,1.0,69.4220151465911,-0.9938857624702058,60626.11356367029,725313.8269736131,5725313.826973613
TECHM.NS/MPHASIS.NS,IT,2023-09-05,1.0,54.67270116421855,-1.1783910903238992,-36104.96469391639,689208.8622796967,5689208.862279696
TECHM.NS/MPHASIS.NS,IT,2023-09-06,1.0,69.5009532082156,-0.926497805260991,19969.346108233636,709178.2083879304,5709178.20838793
TECHM.NS/MPHASIS.NS,IT,2023-09-07,1.0,91.16666973164934,-0.5836904549433563,88083.65792009229,797261.8663080228,5797261.866308022
TECHM.NS/MPHASIS.NS,IT,2023-09-08,1.0,86.41508715590226,-0.6340375727484377,-22664.832557109297,774597.0337509135,5774597.033750913
TECHM.NS/MPHASIS.NS,IT,2023-09-11,1.0,87.34611954530078,-0.5992795832807408,13706.244586456889,788303.2783373704,5788303.278337371
TECHM.NS/MPHASIS.NS,IT,2023-09-12,1.0,88.31090191973635,-0.5641852755472283,-3532.0216273967358,784771.2567099737,5784771.256709973
TECHM.NS/MPHASIS.NS,IT,2023-09-13,1.0,93.18264240662097,-0.47068347559268503,-488.4860781915199,784282.7706317821,5784282.770631782
TECHM.NS/MPHASIS.NS,IT,2023-09-14,1.0,103.64092720652798,-0.29356682968266784,61232.815091139426,845515.5857229215,5845515.585722921
TECHM.NS/MPHASIS.NS,IT,2023-09-15,1.0,108.58438366062023,-0.19658807842513845,49629.45624926107,895145.0419721826,5895145.041972183
TECHM.NS/MPHASIS.NS,IT,2023-09-18,1.0,103.18949114628003,-0.2555464358050608,-30940.877693234765,864204.1642789479,5864204.164278948
TECHM.NS/MPHASIS.NS,IT,2023-09-20,1.0,89.66184621163416,-0.44203032876110815,-58683.88429436282,805520.279984585,5805520.279984585
TECHM.NS/MPHASIS.NS,IT,2023-09-21,1.0,103.1055010906698,-0.19987268277978856,62851.60878223932,868371.8887668243,5868371.888766824
TECHM.NS/MPHASIS.NS,IT,2023-09-22,1.0,116.50589670191994,0.049770947233189936,54983.12621739228,923355.0149842165,5923355.014984217
TECHM.NS/MPHASIS.NS,IT,2023-09-25,1.0,107.9290338423798,-0.0683454578891468,-29478.151336342376,893876.8636478742,5893876.863647874
TECHM.NS/MPHASIS.NS,IT,2023-09-26,1.0,114.73040545349409,0.07718509601208641,-17840.746005126362,876036.1176427478,5876036.117642748
TECHM.NS/MPHASIS.NS,IT,2023-09-27,1.0,108.18824760852658,-0.012629994195533645,-2264.0968429116315,873772.0207998361,5873772.020799836
TECHM.NS/MPHASIS.NS,IT,2023-09-28,1.0,90.61977827296914,-0.3007008645698138,-150725.93865831845,723046.0821415177,5723046.082141518
TECHM.NS/MPHASIS.NS,IT,2023-09-29,0.0,88.48397752699748,-0.3105421023006607,-30835.552653573486,692210.5294879442,5692210.529487944
TECHM.NS/MPHASIS.NS,IT,2023-10-03,0.0,81.10457090051409,-0.42799128094408395,-0.0,692210.5294879442,5692210.529487944
TECHM.NS/MPHASIS.NS,IT,2023-10-04,0.0,50.3510694081815,-1.0459266483434961,-0.0,692210.5294879442,5692210.529487944
TECHM.NS/MPHASIS.NS,IT,2023-10-05,0.0,31.934872512256106,-1.4196125219847584,-0.0,692210.5294879442,5692210.529487944
TECHM.NS/MPHASIS.NS,IT,2023-10-06,0.0,33.68662929539232,-1.3687098660172756,0.0,692210.5294879442,5692210.529487944
TECHM.NS/MPHASIS.NS,IT,2023-10-09,0.0,36.722486595283044,-1.2950975012787103,-0.0,692210.5294879442,5692210.529487944
TECHM.NS/MPHASIS.NS,IT,2023-10-10,0.0,48.246228183099674,-1.02370279629758,0.0,692210.5294879442,5692210.529487944
TECHM.NS/MPHASIS.NS,IT,2023-10-11,0.0,58.7115515976875,-0.7430952684520479,0.0,692210.5294879442,5692210.529487944
TECHM.NS/MPHASIS.NS,IT,2023-10-12,0.0,32.318667956498075,-1.4845331762103093,-0.0,692210.5294879442,5692210.529487944
TECHM.NS/MPHASIS.NS,IT,2023-10-13,0.0,62.48483995503102,-0.5872912608189885,0.0,692210.5294879442,5692210.529487944
TECHM.NS/MPHASIS.NS,IT,2023-10-16,0.0,61.035281360489876,-0.6189316671634498,-0.0,692210.5294879442,5692210.529487944
TECHM.NS/MPHASIS.NS,IT,2023-10-17,0.0,102.5880264033284,0.9061220198477877,0.0,692210.5294879442,5692210.529487944
TECHM.NS/MPHASIS.NS,IT,2023-10-18,0.0,108.36937422418339,1.0923631024592173,-0.0,692210.5294879442,5692210.529487944
TECHM.NS/MPHASIS.NS,IT,2023-10-19,-1.0,92.36038809257855,0.49882803587703706,-12500.0,679710.5294879442,5679710.529487944
TECHM.NS/MPHASIS.NS,IT,2023-10-20,-1.0,130.32527822459167,1.794632391675071,-86784.23576848733,592926.2937194569,5592926.2937194565
TECHM.NS/MPHASIS.NS,IT,2023-10-23,-1.0,137.8683940264557,1.9553654863490864,11232.64857812744,604158.9422975844,5604158.942297584
TECHM.NS/MPHASIS.NS,IT,2023-10-25,-1.0,122.4975886715082,1.4035741037688971,66718.58650029314,670877.5287978775,5670877.528797878
TECHM.NS/MPHASIS.NS,IT,2023-10-26,-1.0,107.76039672685806,0.8649576725950785,92718.01688696275,763595.5456848403,5763595.5456848405
TECHM.NS/MPHASIS.NS,IT,2023-10-27,-1.0,108.5452514382605,0.871758987513657,-13037.21463163264,750558.3310532076,5750558.331053208
TECHM.NS/MPHASIS.NS,IT,2023-10-30,-1.0,101.09610156930967,0.5682078365664736,5166.320884673987,755724.6519378816,5755724.6519378815
TECHM.NS/MPHASIS.NS,IT,2023-10-31,-1.0,116.1046450763555,1.1089853704456838,-50949.01745053785,704775.6344873437,5704775.634487344
TECHM.NS/MPHASIS.NS,IT,2023-11-01,-1.0,100.66401692425904,0.5145252808123109,55927.528730619466,760703.1632179632,5760703.163217964
TECHM.NS/MPHASIS.NS,IT,2023-11-02,-1.0,83.20006690753632,-0.13263362217716135,38358.15576250477,799061.318980468,5799061.318980468
TECHM.NS/MPHASIS.NS,IT,2023-11-03,-1.0,89.70360554433535,0.10063423256608425,-55120.61436709148,743940.7046133765,5743940.704613376
TECHM.NS/MPHASIS.NS,IT,2023-11-06,-1.0,106.03710165162909,0.6997029573663853,-59278.794280434675,684661.9103329418,5684661.910332941
TECHM.NS/MPHASIS.NS,IT,2023-11-07,-1.0,107.77218908207772,0.7565578019661338,-18810.358366820798,665851.551966121,5665851.551966121
TECHM.NS/MPHASIS.NS,IT,2023-11-08,-1.0,107.37543487507867,0.746781343850831,21772.11568833031,687623.6676544512,5687623.667654451
TECHM.NS/MPHASIS.NS,IT,2023-11-09,-1.0,88.41863848079106,0.050286764059319596,78842.33338507291,766466.0010395241,5766466.001039524
TECHM.NS/MPHASIS.NS,IT,2023-11-10,-1.0,97.81430763178071,0.39714747931870253,-54163.36971571187,712302.6313238122,5712302.6313238125
TECHM.NS/MPHASIS.NS,IT,2023-11-13,-1.0,113.49048935241058,0.9931178089093875,-23435.802775000797,688866.8285488114,5688866.828548811
TECHM.NS/MPHASIS.NS,IT,2023-11-15,-1.0,101.75179336641156,0.5609177482461204,-61012.542341504595,627854.2862073068,5627854.286207307
TECHM.NS/MPHASIS.NS,IT,2023-11-16,-1.0,90.89936568607004,0.16669243701890835,-44209.9315310222,583644.3546762846,5583644.354676285
TECHM.NS/MPHASIS.NS,IT,2023-11-17,-1.0,104.14118986573749,0.6788375635656864,-20792.195368758737,562852.1593075258,5562852.1593075255
TECHM.NS/MPHASIS.NS,IT,2023-11-20,-1.0,102.09429412675445,0.5866827501321814,-13722.236291603433,549129.9230159224,5549129.923015922
TECHM.NS/MPHASIS.NS,IT,2023-11-21,-1.0,101.13214161101155,0.5345279725800199,16989.78126935518,566119.7042852776,5566119.704285278
TECHM.NS/MPHASIS.NS,IT,2023-11-22,-1.0,104.33266606153904,0.6340219733575706,-29567.96595564592,536551.7383296317,5536551.738329632
TECHM.NS/MPHASIS.NS,IT,2023-11-23,-1.0,100.0119701830397,0.43768939683166475,18905.34203919787,555457.0803688297,5555457.08036883
TECHM.NS/MPHASIS.NS,IT,2023-11-24,0.0,102.21637802960129,0.5081595156343577,9016.128951467872,564473.2093202976,5564473.209320297
TECHM.NS/MPHASIS.NS,IT,2023-11-28,0.0,114.87698464174082,0.9981755257334869,0.0,564473.2093202976,5564473.209320297
TECHM.NS/MPHASIS.NS,IT,2023-11-29,0.0,113.20651311572033,0.9008900633423913,0.0,564473.2093202976,5564473.209320297
TECHM.NS/MPHASIS.NS,IT,2023-11-30,0.0,108.28208898285516,0.6781769083829686,-0.0,564473.2093202976,5564473.209320297
TECHM.NS/MPHASIS.NS,IT,2023-12-01,0.0,99.03641500924209,0.2801963177844238,-0.0,564473.2093202976,5564473.209320297
TECHM.NS/MPHASIS.NS,IT,2023-12-04,0.0,103.80899511388407,0.4563767187547162,0.0,564473.2093202976,5564473.209320297
TECHM.NS/MPHASIS.NS,IT,2023-12-05,0.0,112.60310391469375,0.7948488399346628,0.0,564473.2093202976,5564473.209320297
TECHM.NS/MPHASIS.NS,IT,2023-12-06,0.0,99.36992461982663,0.2165325056121252,-0.0,564473.2093202976,5564473.209320297
TECHM.NS/MPHASIS.NS,IT,2023-12-07,0.0,92.43219906836453,-0.0801077926947647,-0.0,564473.2093202976,5564473.209320297
TECHM.NS/MPHASIS.NS,IT,2023-12-08,0.0,81.01703934360921,-0.5619272367324664,-0.0,564473.2093202976,5564473.209320297
TECHM.NS/MPHASIS.NS,IT,2023-12-11,0.0,85.73486067949216,-0.359874394287809,0.0,564473.2093202976,5564473.209320297
TECHM.NS/MPHASIS.NS,IT,2023-12-12,0.0,79.18727601293949,-0.6301160099393489,-0.0,564473.2093202976,5564473.209320297
TECHM.NS/MPHASIS.NS,IT,2023-12-13,0.0,73.14187375288225,-0.8667218861934681,-0.0,564473.2093202976,5564473.209320297
TECHM.NS/MPHASIS.NS,IT,2023-12-14,0.0,42.19349883881887,-2.0522151557992343,0.0,564473.2093202976,5564473.209320297
TECHM.NS/MPHASIS.NS,IT,2023-12-15,0.0,55.343120675959426,-1.459485803812134,0.0,564473.2093202976,5564473.209320297
TECHM.NS/MPHASIS.NS,IT,2023-12-18,0.0,32.97986724006637,-2.212446757793018,-0.0,564473.2093202976,5564473.209320297
TECHM.NS/MPHASIS.NS,IT,2023-12-19,0.0,25.861656106046212,-2.327878530619896,-0.0,564473.2093202976,5564473.209320297
TECHM.NS/MPHASIS.NS,IT,2023-12-20,0.0,17.504397646821644,-2.449238117911013,-0.0,564473.2093202976,5564473.209320297
TECHM.NS/MPHASIS.NS,IT,2023-12-21,0.0,10.009944376333578,-2.5196187023550465,-0.0,564473.2093202976,5564473.209320297
TECHM.NS/MPHASIS.NS,IT,2023-12-22,0.0,-7.526610978405188,-2.8299659408083624,0.0,564473.2093202976,5564473.209320297
TECHM.NS/MPHASIS.NS,IT,2023-12-26,0.0,9.305838560618213,-2.1798648494897095,0.0,564473.2093202976,5564473.209320297
TECHM.NS/MPHASIS.NS,IT,2023-12-27,0.0,-3.4793219551627317,-2.38980127759884,-0.0,564473.2093202976,5564473.209320297
TECHM.NS/MPHASIS.NS,IT,2023-12-28,0.0,6.683037201419438,-1.9916336323490464,0.0,564473.2093202976,5564473.209320297
TECHM.NS/MPHASIS.NS,IT,2023-12-29,0.0,-10.414082134934688,-2.3028604404836654,-0.0,564473.2093202976,5564473.209320297
TECHM.NS/MPHASIS.NS,IT,2024-01-01,0.0,13.421546938933488,-1.613601827655508,0.0,564473.2093202976,5564473.209320297
TECHM.NS/MPHASIS.NS,IT,2024-01-02,0.0,23.29203315544146,-1.334477083627144,-0.0,564473.2093202976,5564473.209320297
TECHM.NS/MPHASIS.NS,IT,2024-01-03,0.0,32.93053374074475,-1.0922691733092207,-0.0,564473.2093202976,5564473.209320297
TECHM.NS/MPHASIS.NS,IT,2024-01-04,0.0,27.354459645968745,-1.226513013018601,-0.0,564473.2093202976,5564473.209320297
TECHM.NS/MPHASIS.NS,IT,2024-01-05,0.0,11.288310338752808,-1.5976007418238978,-0.0,564473.2093202976,5564473.209320297
TECHM.NS/MPHASIS.NS,IT,2024-01-08,0.0,18.398494876358882,-1.390731652146478,-0.0,564473.2093202976,5564473.209320297
TECHM.NS/MPHASIS.NS,IT,2024-01-09,0.0,35.04954363911702,-0.9667495931176807,0.0,564473.2093202976,5564473.209320297
TECHM.NS/MPHASIS.NS,IT,2024-01-10,0.0,38.2255176595595,-0.8939790920057379,0.0,564473.2093202976,5564473.209320297
TECHM.NS/MPHASIS.NS,IT,2024-01-11,0.0,37.68041661025768,-0.8917239409382697,0.0,564473.2093202976,5564473.209320297
TECHM.NS/MPHASIS.NS,IT,2024-01-12,0.0,48.198833506615756,-0.630023922462719,0.0,564473.2093202976,5564473.209320297
TECHM.NS/MPHASIS.NS,IT,2024-01-15,0.0,98.70111573096824,0.5930530355514488,0.0,564473.2093202976,5564473.209320297
TECHM.NS/MPHASIS.NS,IT,2024-01-16,0.0,92.45530827360335,0.4502014884616801,-0.0,564473.2093202976,5564473.209320297
TECHM.NS/MPHASIS.NS,IT,2024-01-17,0.0,88.1573939265038,0.34769842345833885,0.0,564473.2093202976,5564473.209320297
TECHM.NS/MPHASIS.NS,IT,2024-01-18,0.0,163.10408261053635,2.107301979829514,0.0,564473.2093202976,5564473.209320297
TECHM.NS/MPHASIS.NS,IT,2024-01-19,-1.0,180.03783919993316,2.4123240968233164,-12500.0,551973.2093202976,5551973.209320297
TECHM.NS/MPHASIS.NS,IT,2024-01-23,-1.0,165.45376059581486,2.0083111123418664,69269.71201900198,621242.9213392995,5621242.9213392995
TECHM.NS/MPHASIS.NS,IT,2024-01-24,-1.0,189.4615281199401,2.3983770225105574,-121404.99525226875,499837.9260870308,5499837.926087031
TECHM.NS/MPHASIS.NS,IT,2024-01-25,-1.0,129.00884288195948,1.092588316725923,266008.2707440725,765846.1968311033,5765846.196831103
TECHM.NS/MPHASIS.NS,IT,2024-01-29,-1.0,95.86365628420663,0.3913308153566886,84366.03571590582,850212.2325470091,5850212.232547009
TECHM.NS/MPHASIS.NS,IT,2024-01-30,-1.0,90.10484440641585,0.27965653769036763,5296.914578878139,855509.1471258872,5855509.147125887
TECHM.NS/MPHASIS.NS,IT,2024-01-31,-1.0,106.82840868794347,0.6337204185612713,-64384.29890928571,791124.8482166015,5791124.848216602
TECHM.NS/MPHASIS.NS,IT,2024-02-01,-1.0,86.6207249943393,0.20155938018815173,80760.54021790212,871885.3884345037,5871885.388434503
TECHM.NS/MPHASIS.NS,IT,2024-02-02,-1.0,127.4744975302201,1.0496581446718207,-133029.43788960137,738855.9505449024,5738855.950544902
TECHM.NS/MPHASIS.NS,IT,2024-02-05,-1.0,148.2669159232521,1.4515557736760634,-33761.27728944939,705094.673255453,5705094.673255453
TECHM.NS/MPHASIS.NS,IT,2024-02-06,-1.0,131.44147502723263,1.0855972794869164,3427.3297262706405,708522.0029817236,5708522.002981723
TECHM.NS/MPHASIS.NS,IT,2024-02-07,-1.0,95.66436760774263,0.3511701098997748,133335.19002237762,841857.1930041013,5841857.1930041015
TECHM.NS/MPHASIS.NS,IT,2024-02-08,-1.0,84.76951010934226,0.12693908435325027,39036.76408365386,880893.9570877552,5880893.957087755
TECHM.NS/MPHASIS.NS,IT,2024-02-09,-1.0,89.97081541587522,0.23753935158728692,-14169.835554395378,866724.1215333599,5866724.12153336
TECHM.NS/MPHASIS.NS,IT,2024-02-12,-1.0,92.06044219819387,0.28934668204254066,-19114.325298274412,847609.7962350855,5847609.796235085
TECHM.NS/MPHASIS.NS,IT,2024-02-13,-1.0,89.05446931634674,0.23159529117737446,-12108.006241893736,835501.7899931917,5835501.789993192
TECHM.NS/MPHASIS.NS,IT,2024-02-14,-1.0,85.96238040331673,0.16895071324143582,73403.32547729173,908905.1154704834,5908905.115470484
TECHM.NS/MPHASIS.NS,IT,2024-02-15,-1.0,28.574174772757942,-0.9949392418376639,105474.92140780891,1014380.0368782923,6014380.036878292
TECHM.NS/MPHASIS.NS,IT,2024-02-16,-1.0,-9.72198486171942,-1.709241123046683,71184.88329888444,1085564.9201771768,6085564.920177177
TECHM.NS/MPHASIS.NS,IT,2024-02-19,-1.0,6.907424595400244,-1.323760907034854,-47237.05405863954,1038327.8661185373,6038327.866118537
TECHM.NS/MPHASIS.NS,IT,2024-02-20,-1.0,22.895469561315167,-0.9724666325365817,-52323.40130036923,986004.4648181681,5986004.464818168
TECHM.NS/MPHASIS.NS,IT,2024-02-21,-1.0,48.55195155546585,-0.4457412879625354,-1676.854878024641,984327.6099401434,5984327.609940143
TECHM.NS/MPHASIS.NS,IT,2024-02-22,-1.0,58.5373574038847,-0.2331874441232066,-83076.81799743524,901250.7919427082,5901250.791942708
TECHM.NS/MPHASIS.NS,IT,2024-02-23,-1.0,40.55326081289286,-0.569750296855597,46987.64947516922,948238.4414178774,5948238.441417878
TECHM.NS/MPHASIS.NS,IT,2024-02-26,-1.0,40.31036871287438,-0.552572892965332,47841.54555476956,996079.986972647,5996079.986972647
TECHM.NS/MPHASIS.NS,IT,2024-02-27,-1.0,33.120622239452814,-0.6732988227815064,18788.721951333173,1014868.7089239802,6014868.708923981
TECHM.NS/MPHASIS.NS,IT,2024-02-28,-1.0,38.83755898092454,-0.5384533650940581,9270.137607617453,1024138.8465315977,6024138.846531598
TECHM.NS/MPHASIS.NS,IT,2024-02-29,0.0,43.564665358484945,-0.4242912737078062,2335.9223216944265,1026474.7688532921,6026474.768853292
TECHM.NS/MPHASIS.NS,IT,2024-03-01,0.0,41.718591082722014,-0.4406456857213308,-0.0,1026474.7688532921,6026474.768853292
TECHM.NS/MPHASIS.NS,IT,2024-03-04,0.0,56.51518051153403,-0.1248796993703318,0.0,1026474.7688532921,6026474.768853292
TECHM.NS/MPHASIS.NS,IT,2024-03-05,0.0,73.91880209573583,0.2386447859989413,0.0,1026474.7688532921,6026474.768853292
TECHM.NS/MPHASIS.NS,IT,2024-03-06,0.0,81.60768549996101,0.3963657973921047,0.0,1026474.7688532921,6026474.768853292
TECHM.NS/MPHASIS.NS,IT,2024-03-07,0.0,110.52582124972332,0.9757630345920753,0.0,1026474.7688532921,6026474.768853292
TECHM.NS/MPHASIS.NS,IT,2024-03-11,0.0,121.30958914310713,1.1687094822524442,0.0,1026474.7688532921,6026474.768853292
TECHM.NS/MPHASIS.NS,IT,2024-03-12,-1.0,143.07713721230834,1.5519575891038304,-12500.0,1013974.7688532921,6013974.768853292
TECHM.NS/MPHASIS.NS,IT,2024-03-13,-1.0,151.21049221469252,1.6402903393907269,9801.755297136624,1023776.5241504287,6023776.524150428
TECHM.NS/MPHASIS.NS,IT,2024-03-14,-1.0,119.7682507743873,1.0029283419913044,41119.460096669354,1064895.984247098,6064895.984247098
TECHM.NS/MPHASIS.NS,IT,2024-03-15,-1.0,107.20128059641002,0.7374611084700257,48038.76312670546,1112934.7473738035,6112934.7473738035
TECHM.NS/MPHASIS.NS,IT,2024-03-18,-1.0,109.62971026138439,0.7579058774256043,13089.530894900077,1126024.2782687035,6126024.278268703
TECHM.NS/MPHASIS.NS,IT,2024-03-19,-1.0,122.81325902392177,0.9776521880845929,10636.754610203452,1136661.032878907,6136661.032878907
TECHM.NS/MPHASIS.NS,IT,2024-03-20,-1.0,135.28115739525197,1.1771113854877324,-51162.22850409721,1085498.8043748096,6085498.804374809
TECHM.NS/MPHASIS.NS,IT,2024-03-21,-1.0,129.73874260652246,1.0393530998208818,-22378.775920969634,1063120.02845384,6063120.02845384
TECHM.NS/MPHASIS.NS,IT,2024-03-22,-1.0,131.70841709868614,1.0435259637687395,33349.184602909496,1096469.2130567494,6096469.21305675
TECHM.NS/MPHASIS.NS,IT,2024-03-26,-1.0,129.24137101750466,0.9659141024009108,21261.591008627816,1117730.8040653772,6117730.804065377
TECHM.NS/MPHASIS.NS,IT,2024-03-27,-1.0,115.94810743074163,0.6763521236737209,30964.928191062412,1148695.7322564395,6148695.7322564395
TECHM.NS/MPHASIS.NS,IT,2024-03-28,-1.0,118.87995510411906,0.7105951555948803,4537.160215866366,1153232.8924723058,6153232.892472306
TECHM.NS/MPHASIS.NS,IT,2024-04-01,-1.0,83.77180439702465,-0.039489443513309824,85541.14396292163,1238774.0364352274,6238774.036435228
TECHM.NS/MPHASIS.NS,IT,2024-04-02,-1.0,73.73393047383684,-0.27236633724920417,37425.674486268064,1276199.7109214955,6276199.710921495
TECHM.NS/MPHASIS.NS,IT,2024-04-03,-1.0,83.84462469797063,-0.07543284454385253,-59438.418408091726,1216761.2925134038,6216761.292513404
TECHM.NS/MPHASIS.NS,IT,2024-04-04,-1.0,93.01359716987076,0.10041791028626368,-67911.29845937678,1148849.9940540271,6148849.994054027
TECHM.NS/MPHASIS.NS,IT,2024-04-05,-1.0,80.04508411543452,-0.2141659459303256,58458.39458202977,1207308.3886360568,6207308.388636056
TECHM.NS/MPHASIS.NS,IT,2024-04-08,-1.0,106.02145037417063,0.343961990132814,-58841.15640704794,1148467.2322290088,6148467.232229009
TECHM.NS/MPHASIS.NS,IT,2024-04-09,-1.0,92.00808757323739,0.0004871888376309916,57260.89396356067,1205728.1261925695,6205728.12619257
TECHM.NS/MPHASIS.NS,IT,2024-04-10,-1.0,110.96901506785548,0.4189208325328726,-70912.55605990805,1134815.5701326614,6134815.570132662
TECHM.NS/MPHASIS.NS,IT,2024-04-12,-1.0,88.25221537576272,-0.13854438857888332,96451.92976833442,1231267.4999009958,6231267.499900996
TECHM.NS/MPHASIS.NS,IT,2024-04-15,-1.0,89.12659920529336,-0.13533382132742766,45010.57367966406,1276278.07358066,6276278.07358066
TECHM.NS/MPHASIS.NS,IT,2024-04-16,-1.0,105.25136292895786,0.25173498158858854,10858.0998655727,1287136.1734462327,6287136.173446232
TECHM.NS/MPHASIS.NS,IT,2024-04-18,-1.0,78.07541108166492,-0.39862596463732103,96014.83260147442,1383151.006047707,6383151.006047707
TECHM.NS/MPHASIS.NS,IT,2024-04-19,-1.0,115.23495619387074,0.48632006480950907,-114876.67199194017,1268274.334055767,6268274.334055766
TECHM.NS/MPHASIS.NS,IT,2024-04-22,0.0,147.0828494629469,1.2720116327063913,-116396.75844771886,1151877.5756080481,6151877.575608049
TECHM.NS/MPHASIS.NS,IT,2024-04-23,-1.0,137.1934980042803,1.0790463472812153,-12500.0,1139377.5756080481,6139377.575608049
TECHM.NS/MPHASIS.NS,IT,2024-04-24,-1.0,123.80341985077382,0.7791384311122699,60561.7190866708,1199939.294694719,6199939.294694719
TECHM.NS/MPHASIS.NS,IT,2024-04-25,-1.0,134.17732543054558,1.1166167505411972,-34024.488145021234,1165914.8065496976,6165914.806549698
TECHM.NS/MPHASIS.NS,IT,2024-04-26,-1.0,185.9873055594976,2.3738532050398384,-300226.5857335533,865688.2208161444,5865688.220816145
TECHM.NS/MPHASIS.NS,IT,2024-04-29,-1.0,176.32332656178676,2.0170926517658354,5647.858313622715,871336.0791297671,5871336.079129767
TECHM.NS/MPHASIS.NS,IT,2024-04-30,-1.0,164.69474939082352,1.6582873992067912,70584.18103236509,941920.2601621322,5941920.260162132
TECHM.NS/MPHASIS.NS,IT,2024-05-02,-1.0,165.8637168967888,1.6254129024289787,-8914.07026994782,933006.1898921843,5933006.189892184
TECHM.NS/MPHASIS.NS,IT,2024-05-03,-1.0,162.57994913011396,1.489530389021719,37522.9166845522,970529.1065767366,5970529.106576737
TECHM.NS/MPHASIS.NS,IT,2024-05-06,-1.0,170.32482286457707,1.6208484926995324,-39872.69914720352,930656.4074295331,5930656.407429533
TECHM.NS/MPHASIS.NS,IT,2024-05-07,-1.0,203.4964072607138,2.2708680985027363,-132040.4054477421,798616.001981791,5798616.001981791
TECHM.NS/MPHASIS.NS,IT,2024-05-08,-1.0,201.53991358583835,2.12382661325041,13908.841609297207,812524.8435910882,5812524.843591088
TECHM.NS/MPHASIS.NS,IT,2024-05-09,-1.0,198.15044137981658,1.9491907148901757,38776.67511951946,851301.5187106077,5851301.518710608
TECHM.NS/MPHASIS.NS,IT,2024-05-10,-1.0,201.6587743405762,1.9193685246395147,-131.1133111904202,851170.4053994173,5851170.4053994175
TECHM.NS/MPHASIS.NS,IT,2024-05-13,-1.0,189.36288091543588,1.6073662309388341,33581.51325471856,884751.9186541358,5884751.918654135
TECHM.NS/MPHASIS.NS,IT,2024-05-14,-1.0,181.28511069164063,1.3988997574395838,-4702.841932730951,880049.0767214048,5880049.076721405
TECHM.NS/MPHASIS.NS,IT,2024-05-15,-1.0,192.3289974592126,1.5453731091402951,-23887.406173082043,856161.6705483227,5856161.670548323
TECHM.NS/MPHASIS.NS,IT,2024-05-16,-1.0,181.43370034386135,1.2953029081757068,-33074.33624562907,823087.3343026936,5823087.334302694
TECHM.NS/MPHASIS.NS,IT,2024-05-17,-1.0,204.7202784732599,1.6635616120908538,-48099.06525438112,774988.2690483124,5774988.269048313
TECHM.NS/MPHASIS.NS,IT,2024-05-21,-1.0,195.44447746799506,1.4706022436508575,-9927.602636912725,765060.6664113997,5765060.6664114
TECHM.NS/MPHASIS.NS,IT,2024-05-22,-1.0,203.59577612452256,1.5889627515653078,-29419.062399195023,735641.6040122047,5735641.604012204
TECHM.NS/MPHASIS.NS,IT,2024-05-23,-1.0,197.3971213218374,1.4332177798174157,2111.01502125036,737752.619033455,5737752.619033455
TECHM.NS/MPHASIS.NS,IT,2024-05-24,-1.0,185.5143059650918,1.1657809295652615,52998.44528250117,790751.0643159562,5790751.064315956
TECHM.NS/MPHASIS.NS,IT,2024-05-27,-1.0,171.15766442291533,0.8555266076239068,18445.66427341679,809196.728589373,5809196.728589373
TECHM.NS/MPHASIS.NS,IT,2024-05-28,-1.0,175.30261822094803,0.9102781180523105,16323.638498864915,825520.3670882379,5825520.367088238
TECHM.NS/MPHASIS.NS,IT,2024-05-29,-1.0,164.51003564720259,0.6678602251974258,74124.29029654298,899644.6573847809,5899644.657384781
TECHM.NS/MPHASIS.NS,IT,2024-05-30,-1.0,144.7029781296486,0.22878740460189176,126941.54350590745,1026586.2008906883,6026586.200890688
TECHM.NS/MPHASIS.NS,IT,2024-05-31,-1.0,145.67051026393176,0.21928713414758544,21289.733229569098,1047875.9341202574,6047875.934120257
TECHM.NS/MPHASIS.NS,IT,2024-06-03,-1.0,158.7211266107928,0.4836237537508586,-62867.108678176795,985008.8254420806,5985008.82544208
TECHM.NS/MPHASIS.NS,IT,2024-06-04,-1.0,159.38660324583907,0.4732884000566101,9707.199847911024,994716.0252899916,5994716.025289992
TECHM.NS/MPHASIS.NS,IT,2024-06-05,-1.0,147.41866853463387,0.15476834694223832,-23404.864909960226,971311.1603800314,5971311.160380032
TECHM.NS/MPHASIS.NS,IT,2024-06-06,-1.0,161.96113113371234,0.4912299347277885,-126909.44134518174,844401.7190348497,5844401.71903485
TECHM.NS/MPHASIS.NS,IT,2024-06-07,-1.0,202.00507794034775,1.4633273939590916,-194466.55785471693,649935.1611801328,5649935.161180133
TECHM.NS/MPHASIS.NS,IT,2024-06-10,-1.0,201.08226557446847,1.3869351618073769,62887.880736476094,712823.0419166088,5712823.041916609
TECHM.NS/MPHASIS.NS,IT,2024-06-11,-1.0,210.63661760112404,1.5622107261945763,-36552.15912786345,676270.8827887453,5676270.882788746
TECHM.NS/MPHASIS.NS,IT,2024-06-12,-1.0,227.51828005170432,1.8857705356041976,-72520.03716677852,603750.8456219668,5603750.845621967
TECHM.NS/MPHASIS.NS,IT,2024-06-13,-1.0,219.1407087311677,1.619297890360686,-10516.05027415998,593234.7953478068,5593234.795347807
TECHM.NS/MPHASIS.NS,IT,2024-06-14,-1.0,223.59332042679398,1.650545598172207,18170.63809623655,611405.4334440433,5611405.433444044
TECHM.NS/MPHASIS.NS,IT,2024-06-18,-1.0,219.8293894059932,1.5044775591726518,8519.107776690118,619924.5412207334,5619924.541220734
TECHM.NS/MPHASIS.NS,IT,2024-06-19,-1.0,231.43270801508515,1.694383839181852,-41418.9224986629,578505.6187220705,5578505.61872207
TECHM.NS/MPHASIS.NS,IT,2024-06-20,-1.0,238.3225692473352,1.7649012582918495,-34109.46312494383,544396.1555971267,5544396.155597127
TECHM.NS/MPHASIS.NS,IT,2024-06-21,-1.0,240.69693101492544,1.7352984878247741,-15646.881758027554,528749.2738390991,5528749.273839099
TECHM.NS/MPHASIS.NS,IT,2024-06-24,-1.0,257.80469485140543,1.9909421923974997,-40598.024398236674,488151.24944086245,5488151.249440863
TECHM.NS/MPHASIS.NS,IT,2024-06-25,-1.0,275.72573390195566,2.219398636240148,-79313.72380347065,408837.5256373918,5408837.525637392
TECHM.NS/MPHASIS.NS,IT,2024-06-26,-1.0,257.35929164630534,1.7696379146578745,62179.523982845276,471017.0496202371,5471017.049620237
TECHM.NS/MPHASIS.NS,IT,2024-06-27,-1.0,265.2730365145669,1.8348514143499508,-46304.48481534232,424712.56480489473,5424712.564804895
TECHM.NS/MPHASIS.NS,IT,2024-06-28,-1.0,257.27956618154917,1.6144362993886003,20307.460108319454,445020.0249132142,5445020.024913214
TECHM.NS/MPHASIS.NS,IT,2024-07-01,-1.0,279.1970081751256,1.9437261243123864,-109867.06311104086,335152.96180217335,5335152.961802173
TECHM.NS/MPHASIS.NS,IT,2024-07-02,-1.0,274.38365298180634,1.7965531794006118,10249.943590012712,345402.9053921861,5345402.905392186
TECHM.NS/MPHASIS.NS,IT,2024-07-03,-1.0,254.09143165110754,1.3810820162847652,32387.053341845556,377789.95873403165,5377789.958734032
TECHM.NS/MPHASIS.NS,IT,2024-07-04,-1.0,229.1176539133512,0.8851195803743622,82139.47521636052,459929.4339503922,5459929.4339503925
TECHM.NS/MPHASIS.NS,IT,2024-07-05,-1.0,211.40435499793762,0.5219146100609264,33345.5558026056,493274.98975299776,5493274.989752998
TECHM.NS/MPHASIS.NS,IT,2024-07-08,-1.0,225.52386960433682,0.7729798092511773,-38394.146912344484,454880.84284065326,5454880.842840653
TECHM.NS/MPHASIS.NS,IT,2024-07-09,-1.0,227.72819749873702,0.7926401115954688,-1712.396198389355,453168.4466422639,5453168.446642264
TECHM.NS/MPHASIS.NS,IT,2024-07-10,-1.0,223.5298266223001,0.6804728018828426,12273.40894717141,465441.8555894353,5465441.855589435
TECHM.NS/MPHASIS.NS,IT,2024-07-11,-1.0,216.44980353516848,0.5071019793394385,18729.733802533592,484171.5893919689,5484171.589391969
TECHM.NS/MPHASIS.NS,IT,2024-07-12,-1.0,199.87618700712892,0.11105713703216501,-34464.253435138125,449707.33595683076,5449707.3359568305
TECHM.NS/MPHASIS.NS,IT,2024-07-15,-1.0,173.97954395894953,-0.5236468151286081,59569.388738556045,509276.72469538683,5509276.724695386
TECHM.NS/MPHASIS.NS,IT,2024-07-16,-1.0,162.1620436107039,-0.8920309740825596,-4344.483756085274,504932.24093930156,5504932.240939301
TECHM.NS/MPHASIS.NS,IT,2024-07-18,-1.0,168.58464540553018,-0.7780457047331968,-48440.420604482795,456491.82033481874,5456491.820334819
TECHM.NS/MPHASIS.NS,IT,2024-07-19,-1.0,132.07065276892558,-1.7058099851884674,98870.87158535155,555362.6919201703,5555362.691920171
TECHM.NS/MPHASIS.NS,IT,2024-07-22,-1.0,112.93088426628742,-2.1467215565113813,28066.625157943497,583429.3170781138,5583429.317078114
TECHM.NS/MPHASIS.NS,IT,2024-07-23,-1.0,105.88153358591853,-2.281075742629838,16192.574310783812,599621.8913888976,5599621.891388898
TECHM.NS/MPHASIS.NS,IT,2024-07-24,-1.0,173.04034132489437,-0.6365048905484427,-186538.87449753468,413083.01689136284,5413083.016891363
TECHM.NS/MPHASIS.NS,IT,2024-07-25,-1.0,181.0850082124448,-0.4300634357592881,-9571.251178984394,403511.76571237843,5403511.765712379
TECHM.NS/MPHASIS.NS,IT,2024-07-26,-1.0,109.82403023981396,-2.1257755430984586,114017.12191232045,517528.88762469887,5517528.887624699
TECHM.NS/MPHASIS.NS,IT,2024-07-29,0.0,138.32631002658763,-1.4028230889026079,-36140.21838894146,481388.66923575744,5481388.669235758
TECHM.NS/MPHASIS.NS,IT,2024-07-30,0.0,157.55299673622676,-0.9332482516449765,0.0,481388.66923575744,5481388.669235758
TECHM.NS/MPHASIS.NS,IT,2024-07-31,0.0,182.85431176726297,-0.3346342002758055,0.0,481388.66923575744,5481388.669235758
TECHM.NS/MPHASIS.NS,IT,2024-08-01,0.0,190.06179891903048,-0.1690149120212577,-0.0,481388.66923575744,5481388.669235758
TECHM.NS/MPHASIS.NS,IT,2024-08-02,0.0,190.73128862110775,-0.14763561053695215,-0.0,481388.66923575744,5481388.669235758
TECHM.NS/MPHASIS.NS,IT,2024-08-05,0.0,196.82440274856162,0.0019509272107916472,-0.0,481388.66923575744,5481388.669235758
TECHM.NS/MPHASIS.NS,IT,2024-08-06,0.0,228.0452123446314,0.743116341909221,0.0,481388.66923575744,5481388.669235758
TECHM.NS/MPHASIS.NS,IT,2024-08-07,0.0,180.52030044559183,-0.3944205395326111,-0.0,481388.66923575744,5481388.669235758
TECHM.NS/MPHASIS.NS,IT,2024-08-08,0.0,209.28552866610903,0.2905410112249661,0.0,481388.66923575744,5481388.669235758
TECHM.NS/MPHASIS.NS,IT,2024-08-09,0.0,213.97566613335243,0.39035943769872067,0.0,481388.66923575744,5481388.669235758
TECHM.NS/MPHASIS.NS,IT,2024-08-12,0.0,227.18811982660463,0.6917946675142581,0.0,481388.66923575744,5481388.669235758
TECHM.NS/MPHASIS.NS,IT,2024-08-13,0.0,221.44678366586663,0.5375022435569792,-0.0,481388.66923575744,5481388.669235758
TECHM.NS/MPHASIS.NS,IT,2024-08-14,0.0,231.32124523813445,0.7597976393564212,0.0,481388.66923575744,5481388.669235758
TECHM.NS/MPHASIS.NS,IT,2024-08-16,0.0,203.72210484438415,0.09839062000633222,0.0,481388.66923575744,5481388.669235758
TECHM.NS/MPHASIS.NS,IT,2024-08-19,0.0,183.04344891632263,-0.3860666484914956,-0.0,481388.66923575744,5481388.669235758
TECHM.NS/MPHASIS.NS,IT,2024-08-20,0.0,201.12593593393763,0.043117806153996234,0.0,481388.66923575744,5481388.669235758
TECHM.NS/MPHASIS.NS,IT,2024-08-21,0.0,166.28456005664611,-0.7757270493737712,-0.0,481388.66923575744,5481388.669235758
TECHM.NS/MPHASIS.NS,IT,2024-08-22,0.0,159.81562858611278,-0.9213321151294763,-0.0,481388.66923575744,5481388.669235758
TECHM.NS/MPHASIS.NS,IT,2024-08-23,0.0,177.76006374130202,-0.49853629049569287,0.0,481388.66923575744,5481388.669235758
TECHM.NS/MPHASIS.NS,IT,2024-08-26,0.0,207.2036000570847,0.18172856508255678,0.0,481388.66923575744,5481388.669235758
TECHM.NS/MPHASIS.NS,IT,2024-08-27,0.0,186.31623734458958,-0.33590040076615907,-0.0,481388.66923575744,5481388.669235758
TECHM.NS/MPHASIS.NS,IT,2024-08-28,0.0,164.42760224467065,-0.8784154227158361,-0.0,481388.66923575744,5481388.669235758
TECHM.NS/MPHASIS.NS,IT,2024-08-29,0.0,177.02607472922932,-0.5831108702716546,0.0,481388.66923575744,5481388.669235758
TECHM.NS/MPHASIS.NS,IT,2024-08-30,0.0,166.17764931551937,-0.8534270076148932,-0.0,481388.66923575744,5481388.669235758
TECHM.NS/MPHASIS.NS,IT,2024-09-02,0.0,176.78816562358202,-0.6124733951089236,0.0,481388.66923575744,5481388.669235758
TECHM.NS/MPHASIS.NS,IT,2024-09-03,0.0,164.31017939524259,-0.9239211684832532,-0.0,481388.66923575744,5481388.669235758
TECHM.NS/MPHASIS.NS,IT,2024-09-04,0.0,181.61073070019597,-0.48482460373671665,0.0,481388.66923575744,5481388.669235758
TECHM.NS/MPHASIS.NS,IT,2024-09-05,0.0,176.60672995167874,-0.5968984828651623,-0.0,481388.66923575744,5481388.669235758
TECHM.NS/MPHASIS.NS,IT,2024-09-06,0.0,177.32587282653503,-0.5641475877116569,-0.0,481388.66923575744,5481388.669235758
TECHM.NS/MPHASIS.NS,IT,2024-09-09,0.0,161.47756884838145,-0.9244936070495872,-0.0,481388.66923575744,5481388.669235758
TECHM.NS/MPHASIS.NS,IT,2024-09-10,0.0,149.69179727654932,-1.1738950116525517,0.0,481388.66923575744,5481388.669235758
TECHM.NS/MPHASIS.NS,IT,2024-09-11,0.0,151.27522661097578,-1.0981910722828643,-0.0,481388.66923575744,5481388.669235758
TECHM.NS/MPHASIS.NS,IT,2024-09-12,1.0,175.55987911945135,-0.49413231612388764,-12500.0,468888.66923575744,5468888.669235758
TECHM.NS/MPHASIS.NS,IT,2024-09-13,1.0,166.35044919372058,-0.6920036156533662,3068.193832563809,471956.86306832125,5471956.863068322
TECHM.NS/MPHASIS.NS,IT,2024-09-16,1.0,168.73416369727556,-0.6100707468750972,-6301.377000934628,465655.48606738664,5465655.486067386
TECHM.NS/MPHASIS.NS,IT,2024-09-17,1.0,148.1583213466472,-1.0754516008734105,-30750.089284141835,434905.3967832448,5434905.396783245
TECHM.NS/MPHASIS.NS,IT,2024-09-18,1.0,181.3531370425046,-0.23937611226885017,-13618.137776082538,421287.25900716224,5421287.259007162
TECHM.NS/MPHASIS.NS,IT,2024-09-19,1.0,183.45771551681173,-0.15453792324325324,-11187.095104511174,410100.16390265105,5410100.1639026515
TECHM.NS/MPHASIS.NS,IT,2024-09-20,1.0,186.41523186670634,-0.04834108952819668,44806.127914465644,454906.29181711667,5454906.291817117
TECHM.NS/MPHASIS.NS,IT,2024-09-23,1.0,166.22656410616923,-0.562629501110853,-56650.674826354705,398255.61699076195,5398255.616990762
TECHM.NS/MPHASIS.NS,IT,2024-09-24,1.0,181.2158353785851,-0.11704142638939075,70580.0827455158,468835.69973627775,5468835.699736278
TECHM.NS/MPHASIS.NS,IT,2024-09-25,1.0,172.64272835967813,-0.3325291300422196,-64554.74085635829,404280.9588799195,5404280.95887992
TECHM.NS/MPHASIS.NS,IT,2024-09-26,1.0,161.05203102536734,-0.6725539258037244,-13846.220036314688,390434.7388436048,5390434.738843605
TECHM.NS/MPHASIS.NS,IT,2024-09-27,1.0,150.45787246756913,-1.003441771990745,-14713.683270894322,375721.05557271047,5375721.055572711
TECHM.NS/MPHASIS.NS,IT,2024-09-30,1.0,152.23004680704526,-0.9153392873794299,-45455.08565985351,330265.96991285693,5330265.969912857
TECHM.NS/MPHASIS.NS,IT,2024-10-01,1.0,195.1870700900256,0.5880401604721035,148811.03138402358,479077.00129688054,5479077.001296881
TECHM.NS/MPHASIS.NS,IT,2024-10-03,1.0,216.89012398555656,1.3621720316712391,6818.272469052405,485895.27376593294,5485895.273765933
TECHM.NS/MPHASIS.NS,IT,2024-10-04,-1.0,261.3644848527633,2.7819760706270973,72513.57124021421,558408.8450061472,5558408.845006147
TECHM.NS/MPHASIS.NS,IT,2024-10-07,-1.0,251.04577536185639,2.347601689974069,16113.546529896335,574522.3915360435,5574522.391536044
TECHM.NS/MPHASIS.NS,IT,2024-10-08,-1.0,249.1896008034471,2.2005665288746346,-11164.974703436881,563357.4168326067,5563357.416832606
TECHM.NS/MPHASIS.NS,IT,2024-10-09,-1.0,277.93352156131664,2.8565654645011604,-92708.18330380076,470649.2335288059,5470649.233528806
TECHM.NS/MPHASIS.NS,IT,2024-10-10,-1.0,261.1278448915082,2.2183827138204473,81907.01794047677,552556.2514692827,5552556.251469282
TECHM.NS/MPHASIS.NS,IT,2024-10-11,-1.0,276.9639856173669,2.476568134716003,-66373.41821557768,486182.833253705,5486182.833253705
TECHM.NS/MPHASIS.NS,IT,2024-10-14,-1.0,281.5717562646944,2.4210560962337073,-68678.83109499053,417504.00215871446,5417504.002158714
TECHM.NS/MPHASIS.NS,IT,2024-10-15,-1.0,279.94540077822603,2.2508041625682695,25079.684876927306,442583.68703564175,5442583.687035642
TECHM.NS/MPHASIS.NS,IT,2024-10-16,-1.0,273.95798802657055,2.0255679130104345,30363.227259401632,472946.9142950434,5472946.914295044
TECHM.NS/MPHASIS.NS,IT,2024-10-17,-1.0,235.7769853013142,1.0659046573740327,17482.589462062566,490429.50375710597,5490429.503757106
TECHM.NS/MPHASIS.NS,IT,2024-10-18,-1.0,218.49368553847034,0.6089307625811583,44332.80393941404,534762.30769652,5534762.30769652
TECHM.NS/MPHASIS.NS,IT,2024-10-21,-1.0,279.63365615844646,2.037943602170167,-121698.23923201567,413064.0684645043,5413064.068464505
TECHM.NS/MPHASIS.NS,IT,2024-10-22,-1.0,278.7324353984527,1.9579493513902197,7590.170994157653,420654.239458662,5420654.2394586615
TECHM.NS/MPHASIS.NS,IT,2024-10-23,-1.0,252.96914913253727,1.2858145797239262,-5757.139830838386,414897.0996278236,5414897.099627824
TECHM.NS/MPHASIS.NS,IT,2024-10-24,-1.0,262.0928367554309,1.4549140698190957,-15052.984409489234,399844.11521833437,5399844.115218334
TECHM.NS/MPHASIS.NS,IT,2024-10-25,-1.0,269.4363748000512,1.5678850911977342,12565.313765558984,412409.42898389336,5412409.428983893
TECHM.NS/MPHASIS.NS,IT,2024-10-28,-1.0,268.8313224911701,1.493829864582046,19060.91090782894,431470.3398917223,5431470.339891722
TECHM.NS/MPHASIS.NS,IT,2024-10-29,-1.0,260.77066983030954,1.260604932270125,19295.23411342213,450765.5740051444,5450765.574005145
TECHM.NS/MPHASIS.NS,IT,2024-10-30,-1.0,254.8895100121199,1.0908072136963731,28037.882219442534,478803.45622458693,5478803.456224587
TECHM.NS/MPHASIS.NS,IT,2024-10-31,-1.0,253.0663277158128,1.031764508616853,85590.06926314077,564393.5254877277,5564393.5254877275
TECHM.NS/MPHASIS.NS,IT,2024-11-01,-1.0,241.88690649060572,0.7523223702556715,27258.346554459375,591651.8720421871,5591651.8720421875
TECHM.NS/MPHASIS.NS,IT,2024-11-04,-1.0,285.3955304791534,1.6723110152057974,-127510.29089447984,464141.5811477073,5464141.581147707
TECHM.NS/MPHASIS.NS,IT,2024-11-05,-1.0,285.4429772446979,1.6098049238870193,7523.34336315383,471664.9245108611,5471664.924510861
TECHM.NS/MPHASIS.NS,IT,2024-11-06,-1.0,326.05298445730773,2.339521863024758,-155211.12733704667,316453.79717381444,5316453.797173815
TECHM.NS/MPHASIS.NS,IT,2024-11-07,-1.0,311.01139390261505,1.9326430789838376,79946.1152181936,396399.91239200806,5396399.912392008
TECHM.NS/MPHASIS.NS,IT,2024-11-08,-1.0,331.2878553992109,2.2082808970544088,-76286.17764273314,320113.7347492749,5320113.734749275
TECHM.NS/MPHASIS.NS,IT,2024-11-11,-1.0,351.4952180682187,2.4178685600960788,-65255.55937850162,254858.1753707733,5254858.175370773
TECHM.NS/MPHASIS.NS,IT,2024-11-12,-1.0,338.80223220798985,2.066921029114952,43816.89025868161,298675.0656294549,5298675.065629455
TECHM.NS/MPHASIS.NS,IT,2024-11-13,-1.0,331.57790514754424,1.846992953412447,27227.95708394951,325903.02271340444,5325903.022713404
TECHM.NS/MPHASIS.NS,IT,2024-11-14,-1.0,345.5203529588839,1.9802537692980315,-40423.63823136813,285479.3844820363,5285479.384482036
TECHM.NS/MPHASIS.NS,IT,2024-11-18,-1.0,356.03994618895035,2.045196458924225,13062.527422457162,298541.91190449346,5298541.911904493
TECHM.NS/MPHASIS.NS,IT,2024-11-19,-1.0,379.1168921190467,2.2705192519609576,-90905.05528352981,207636.85662096366,5207636.856620964
TECHM.NS/MPHASIS.NS,IT,2024-11-21,-1.0,382.92547738421626,2.1906992888489683,-10174.803619296721,197462.05300166694,5197462.053001667
TECHM.NS/MPHASIS.NS,IT,2024-11-22,-1.0,382.7810611786315,2.0690542303305057,-52021.15621335315,145440.89678831378,5145440.896788314
TECHM.NS/MPHASIS.NS,IT,2024-11-25,-1.0,325.09178996309265,1.196492499899832,121710.31318665193,267151.2099749657,5267151.209974966
TECHM.NS/MPHASIS.NS,IT,2024-11-26,-1.0,329.84708477065965,1.2215026391033441,-23998.87237636466,243152.33759860107,5243152.337598601
TECHM.NS/MPHASIS.NS,IT,2024-11-27,-1.0,332.7464120285417,1.2206707443891687,-18864.10811852461,224288.22948007646,5224288.229480077
TECHM.NS/MPHASIS.NS,IT,2024-11-28,-1.0,317.80115140226167,0.9744788653479699,78163.54993598364,302451.7794160601,5302451.77941606
TECHM.NS/MPHASIS.NS,IT,2024-11-29,-1.0,309.3265647629398,0.8248135989752727,16307.96148802306,318759.7409040831,5318759.7409040835
TECHM.NS/MPHASIS.NS,IT,2024-12-02,-1.0,307.90563071414863,0.7769750528126874,-39642.01110578703,279117.7297982961,5279117.7297982965
TECHM.NS/MPHASIS.NS,IT,2024-12-03,-1.0,324.97086582801853,0.989770262460083,-33692.535518508674,245425.19427978745,5245425.194279787
TECHM.NS/MPHASIS.NS,IT,2024-12-04,-1.0,335.08979446920875,1.099040550039344,-29822.0001789898,215603.19410079764,5215603.194100797
TECHM.NS/MPHASIS.NS,IT,2024-12-05,-1.0,346.1697278434874,1.2203219846930842,-51985.94581587994,163617.2482849177,5163617.248284917
TECHM.NS/MPHASIS.NS,IT,2024-12-06,-1.0,341.06935119300647,1.1139820663322375,13618.459149820364,177235.70743473805,5177235.707434738
TECHM.NS/MPHASIS.NS,IT,2024-12-09,-1.0,314.0283015782311,0.690146927967265,52210.00833102165,229445.7157657597,5229445.715765759
TECHM.NS/MPHASIS.NS,IT,2024-12-10,-1.0,266.41418327306246,-0.049209930194786984,97681.07737978162,327126.79314554133,5327126.793145541
TECHM.NS/MPHASIS.NS,IT,2024-12-11,-1.0,264.4899200384748,-0.10593132962876707,4124.267831202706,331251.06097674405,5331251.060976744
TECHM.NS/MPHASIS.NS,IT,2024-12-12,-1.0,287.31687676012666,0.22485088313590923,-71806.02010929718,259445.04086744686,5259445.040867447
TECHM.NS/MPHASIS.NS,IT,2024-12-13,-1.0,291.5299556352759,0.2630547347295692,-15341.288071659203,244103.75279578767,5244103.7527957875
TECHM.NS/MPHASIS.NS,IT,2024-12-16,-1.0,270.9410858126612,-0.10458413818306032,59406.641798519806,303510.39459430747,5303510.394594307
TECHM.NS/MPHASIS.NS,IT,2024-12-17,-1.0,273.49920588907844,-0.08863842710696211,1880.1888052657405,305390.5833995732,5305390.583399573
TECHM.NS/MPHASIS.NS,IT,2024-12-18,-1.0,283.2712685425247,0.05352969778869321,-26390.320282317312,279000.26311725593,5279000.263117256
TECHM.NS/MPHASIS.NS,IT,2024-12-19,-1.0,286.25133175509086,0.07345667305801572,25753.425515382416,304753.68863263837,5304753.688632638
TECHM.NS/MPHASIS.NS,IT,2024-12-20,-1.0,295.02986926154495,0.2056566634372191,71220.43833732839,375974.12696996675,5375974.126969967
TECHM.NS/MPHASIS.NS,IT,2024-12-23,-1.0,308.0532361797027,0.42489820501183523,-56955.81402754216,319018.31294242456,5319018.312942425
TECHM.NS/MPHASIS.NS,IT,2024-12-24,-1.0,321.6899449575085,0.6734803090287007,-14577.318759605158,304440.9941828194,5304440.9941828195
TECHM.NS/MPHASIS.NS,IT,2024-12-26,-1.0,325.6136486502021,0.7455266103058935,677.7462140370068,305118.7403968564,5305118.740396856
TECHM.NS/MPHASIS.NS,IT,2024-12-27,-1.0,348.69271637910197,1.2784997703701384,-57584.487611870805,247534.25278498558,5247534.252784986
TECHM.NS/MPHASIS.NS,IT,2024-12-30,-1.0,353.7138208433739,1.3833856268808957,-44190.01208293804,203344.24070204754,5203344.240702048
TECHM.NS/MPHASIS.NS,IT,2024-12-31,-1.0,359.74795886440666,1.4981776509366564,30197.591944956344,233541.83264700387,5233541.832647004
TECHM.NS/MPHASIS.NS,IT,2025-01-01,-1.0,354.12374107594405,1.3088075134252637,13136.760170148069,246678.59281715195,5246678.592817152
TECHM.NS/MPHASIS.NS,IT,2025-01-02,-1.0,356.67655108516374,1.3269372582847716,-32333.300722640466,214345.29209451147,5214345.292094512
TECHM.NS/MPHASIS.NS,IT,2025-01-03,-1.0,334.1505104252851,0.7368353099212173,85094.3657256018,299439.6578201133,5299439.657820113
TECHM.NS/MPHASIS.NS,IT,2025-01-06,-1.0,318.6337536156518,0.32831521650143025,32196.17890404581,331635.8367241591,5331635.836724159
TECHM.NS/MPHASIS.NS,IT,2025-01-07,-1.0,291.6834602111903,-0.3719441059764342,67690.24965052045,399326.0863746795,5399326.08637468
TECHM.NS/MPHASIS.NS,IT,2025-01-08,-1.0,285.26936953788504,-0.541084889558497,21074.488837267796,420400.5752119473,5420400.575211948
TECHM.NS/MPHASIS.NS,IT,2025-01-09,-1.0,288.76922834736183,-0.4550644803094839,21163.257512933065,441563.83272488037,5441563.83272488
TECHM.NS/MPHASIS.NS,IT,2025-01-10,-1.0,329.25931720273184,0.5660978812009378,-156496.5297694423,285067.30295543803,5285067.302955438
TECHM.NS/MPHASIS.NS,IT,2025-01-13,-1.0,346.41141708041164,0.9749565432637944,25697.24407037852,310764.5470258166,5310764.5470258165
TECHM.NS/MPHASIS.NS,IT,2025-01-14,-1.0,333.68856062973305,0.6229343256092607,38892.237408014276,349656.7844338309,5349656.7844338305
TECHM.NS/MPHASIS.NS,IT,2025-01-15,-1.0,360.8588578857102,1.3276883436588502,-86758.45622292561,262898.32821090525,5262898.328210905
TECHM.NS/MPHASIS.NS,IT,2025-01-16,-1.0,353.5619436697518,1.0899728466874754,-280.921567003419,262617.40664390184,5262617.406643902
TECHM.NS/MPHASIS.NS,IT,2025-01-17,-1.0,329.5076027759137,0.41133360849956785,77590.06215398721,340207.4687978891,5340207.468797889
TECHM.NS/MPHASIS.NS,IT,2025-01-20,-1.0,348.3268909573558,0.9022670071913701,-52866.657702478835,287340.81109541026,5287340.81109541
TECHM.NS/MPHASIS.NS,IT,2025-01-21,-1.0,330.01441100265015,0.36371991748038945,75701.41803539965,363042.2291308099,5363042.22913081
TECHM.NS/MPHASIS.NS,IT,2025-01-22,-1.0,355.5509279873245,1.0597914321888773,-102933.62598371736,260108.60314709254,5260108.603147092
TECHM.NS/MPHASIS.NS,IT,2025-01-23,-1.0,334.9047363664308,0.4410657957635799,3054.059822532821,263162.6629696254,5263162.662969626
TECHM.NS/MPHASIS.NS,IT,2025-01-24,-1.0,304.1743407545041,-0.49098740344528485,43369.42163154474,306532.08460117015,5306532.08460117
TECHM.NS/MPHASIS.NS,IT,2025-01-27,-1.0,270.53305371382703,-1.5285603443681786,145216.9684627997,451749.0530639698,5451749.05306397
TECHM.NS/MPHASIS.NS,IT,2025-01-28,-1.0,288.81904209917934,-1.019836089708509,-25197.28212176998,426551.77094219986,5426551.7709422
TECHM.NS/MPHASIS.NS,IT,2025-01-29,-1.0,264.5060274319469,-1.8403330964180153,1077.584894004901,427629.3558362048,5427629.355836205
TECHM.NS/MPHASIS.NS,IT,2025-01-30,-1.0,316.54906804569237,-0.18710705734569177,-75914.71648839806,351714.6393478067,5351714.639347807
TECHM.NS/MPHASIS.NS,IT,2025-01-31,-1.0,320.51519747563384,-0.07816044809211048,-12741.105721180304,338973.53362662636,5338973.533626626
TECHM.NS/MPHASIS.NS,IT,2025-02-01,-1.0,324.5929485155282,0.05685176340938316,27797.187844395536,366770.7214710219,5366770.721471022
TECHM.NS/MPHASIS.NS,IT,2025-02-03,-1.0,323.96007738421554,0.02895576214184742,-9309.978374709917,357460.743096312,5357460.743096312
TECHM.NS/MPHASIS.NS,IT,2025-02-04,-1.0,333.5087927763411,0.34230606986589335,-23232.415792983946,334228.327303328,5334228.327303328
TECHM.NS/MPHASIS.NS,IT,2025-02-05,-1.0,319.27059311599896,-0.10989457674559067,24147.977557039558,358376.30486036756,5358376.304860367
TECHM.NS/MPHASIS.NS,IT,2025-02-06,-1.0,334.5881959850508,0.4013110311882513,-39101.957090017095,319274.34777035046,5319274.34777035
TECHM.NS/MPHASIS.NS,IT,2025-02-07,-1.0,336.99159786518567,0.4776091355266098,-32336.13510878104,286938.2126615694,5286938.212661569
TECHM.NS/MPHASIS.NS,IT,2025-02-10,-1.0,379.5635159208782,1.8262702092013843,-86236.20361693404,200702.00904463537,5200702.009044635
TECHM.NS/MPHASIS.NS,IT,2025-02-11,-1.0,383.562110338381,1.8982918453905937,27316.746778060264,228018.75582269565,5228018.755822696
TECHM.NS/MPHASIS.NS,IT,2025-02-12,-1.0,414.8179689729029,2.75006171010671,-73277.53232746066,154741.22349523497,5154741.223495235
TECHM.NS/MPHASIS.NS,IT,2025-02-13,-1.0,438.7065910249944,3.2142408774735256,-41445.6621113505,113295.56138388446,5113295.561383884
TECHM.NS/MPHASIS.NS,IT,2025-02-14,-1.0,444.41092810432065,3.124580045731411,5984.738559109354,119280.2999429938,5119280.299942994
TECHM.NS/MPHASIS.NS,IT,2025-02-17,-1.0,433.57999375989516,2.620261229096983,15936.268896466045,135216.56883945985,5135216.56883946
TECHM.NS/MPHASIS.NS,IT,2025-02-18,-1.0,476.9903246944059,3.2818170794127255,-131332.87678572495,3883.692053734907,5003883.692053735
TECHM.NS/MPHASIS.NS,IT,2025-02-19,-1.0,444.54882748887985,2.387034212316684,85248.2753067954,89131.96736053031,5089131.96736053
TECHM.NS/MPHASIS.NS,IT,2025-02-20,-1.0,406.5988734087698,1.5186646432608002,105908.37753494269,195040.34489547298,5195040.344895473
TECHM.NS/MPHASIS.NS,IT,2025-02-21,-1.0,429.4478784997748,1.896210780985391,-35892.45400746256,159147.8908880104,5159147.89088801
TECHM.NS/MPHASIS.NS,IT,2025-02-24,-1.0,430.68556540472787,1.829820017583077,36828.21338358584,195976.10427159624,5195976.104271596
TECHM.NS/MPHASIS.NS,IT,2025-02-25,-1.0,427.4226420970865,1.6896564508053076,28684.416507744398,224660.52077934064,5224660.5207793405
TECHM.NS/MPHASIS.NS,IT,2025-02-27,-1.0,455.7828528038599,2.110389309451032,-54192.585710382875,170467.93506895777,5170467.9350689575
TECHM.NS/MPHASIS.NS,IT,2025-02-28,-1.0,417.6716042585276,1.3620576198767957,190479.20396404897,360947.13903300674,5360947.1390330065
TECHM.NS/MPHASIS.NS,IT,2025-03-03,-1.0,414.58788547311144,1.2658856030897387,1189.004406937054,362136.1434399438,5362136.143439944
TECHM.NS/MPHASIS.NS,IT,2025-03-04,-1.0,418.337346221202,1.286427196203646,-3102.917663317043,359033.2257766267,5359033.225776627
TECHM.NS/MPHASIS.NS,IT,2025-03-05,-1.0,438.52872883246334,1.5855284451002505,-104474.73522535767,254558.49055126906,5254558.490551269
TECHM.NS/MPHASIS.NS,IT,2025-03-06,-1.0,390.1942694907541,0.7071648997608306,147836.23685719553,402394.7274084646,5402394.727408465
TECHM.NS/MPHASIS.NS,IT,2025-03-07,-1.0,397.6628395027683,0.8123240598116439,-3277.8638575722484,399116.86355089233,5399116.863550892
TECHM.NS/MPHASIS.NS,IT,2025-03-10,-1.0,408.89119609295346,0.9812062170136195,-18962.6473130282,380154.2162378641,5380154.216237864
TECHM.NS/MPHASIS.NS,IT,2025-03-11,-1.0,395.9740324575672,0.7218113656338419,38835.70464200533,418989.92087986943,5418989.92087987
TECHM.NS/MPHASIS.NS,IT,2025-03-12,-1.0,380.53147440949954,0.41415815607116196,84684.05083928948,503673.97171915893,5503673.971719159
TECHM.NS/MPHASIS.NS,IT,2025-03-13,-1.0,391.5396637666173,0.5942139110964139,-28838.01209298031,474835.9596261786,5474835.959626178
TECHM.NS/MPHASIS.NS,IT,2025-03-17,-1.0,393.2029972267421,0.6003166496297435,-3278.3284340954924,471557.6311920831,5471557.6311920835
TECHM.NS/MPHASIS.NS,IT,2025-03-18,-1.0,393.2029972267421,0.5755227760587251,-0.0,471557.6311920831,5471557.6311920835
TECHM.NS/MPHASIS.NS,IT,2025-03-19,-1.0,313.7731282894546,-0.9701260031454453,242554.79327336673,714112.4244654499,5714112.4244654495
TECHM.NS/MPHASIS.NS,IT,2025-03-20,-1.0,318.5879880776165,-0.8747155245366885,-31351.99477000255,682760.4296954473,5682760.429695447
TECHM.NS/MPHASIS.NS,IT,2025-03-21,-1.0,262.59099768280544,-1.8906100807487134,128982.05552430084,811742.4852197482,5811742.485219749
TECHM.NS/MPHASIS.NS,IT,2025-03-24,-1.0,285.9968388518869,-1.404490686185974,-124866.34171336803,686876.1435063801,5686876.14350638
TECHM.NS/MPHASIS.NS,IT,2025-03-25,-1.0,260.30789900008654,-1.8011301818743914,58683.67957686439,745559.8230832445,5745559.823083244
TECHM.NS/MPHASIS.NS,IT,2025-03-26,-1.0,231.67026231889918,-2.184428303404755,117108.80778204997,862668.6308652945,5862668.6308652945
TECHM.NS/MPHASIS.NS,IT,2025-03-27,-1.0,233.11053761187327,-2.0465101852407175,-14840.198176473019,847828.4326888215,5847828.432688821
TECHM.NS/MPHASIS.NS,IT,2025-03-28,0.0,240.11499942666478,-1.841013562893091,-18254.20373072565,829574.2289580958,5829574.228958095
TECHM.NS/MPHASIS.NS,IT,2025-04-01,0.0,241.82059598455567,-1.7425915244990586,-0.0,829574.2289580958,5829574.228958095
TECHM.NS/MPHASIS.NS,IT,2025-04-02,0.0,256.0475145054477,-1.4768646314211982,0.0,829574.2289580958,5829574.228958095
TECHM.NS/MPHASIS.NS,IT,2025-04-03,0.0,249.4637604054749,-1.5468150807645737,-0.0,829574.2289580958,5829574.228958095
TECHM.NS/MPHASIS.NS,IT,2025-04-04,0.0,267.53871780109273,-1.259221432646411,-0.0,829574.2289580958,5829574.228958095
TECHM.NS/MPHASIS.NS,IT,2025-04-07,0.0,292.37185439242444,-0.8829157106986574,0.0,829574.2289580958,5829574.228958095
TECHM.NS/MPHASIS.NS,IT,2025-04-08,0.0,287.9447505975071,-0.9336077143056655,0.0,829574.2289580958,5829574.228958095
TECHM.NS/MPHASIS.NS,IT,2025-04-09,0.0,271.12989777377766,-1.1555512346650898,-0.0,829574.2289580958,5829574.228958095
TECHM.NS/MPHASIS.NS,IT,2025-04-11,0.0,261.17514003614394,-1.2689194807269053,-0.0,829574.2289580958,5829574.228958095
TECHM.NS/MPHASIS.NS,IT,2025-04-15,0.0,231.4312455901893,-1.6373299595240753,-0.0,829574.2289580958,5829574.228958095
TECHM.NS/MPHASIS.NS,IT,2025-04-16,0.0,239.20944781588662,-1.469785320609327,0.0,829574.2289580958,5829574.228958095
TECHM.NS/MPHASIS.NS,IT,2025-04-17,0.0,234.4970532717581,-1.4854471832729803,-0.0,829574.2289580958,5829574.228958095
TECHM.NS/MPHASIS.NS,IT,2025-04-21,0.0,250.46031936625036,-1.2252042423088176,0.0,829574.2289580958,5829574.228958095
TECHM.NS/MPHASIS.NS,IT,2025-04-22,0.0,243.99067524601583,-1.2760971994306132,-0.0,829574.2289580958,5829574.228958095
TECHM.NS/MPHASIS.NS,IT,2025-04-23,0.0,257.20569629843385,-1.0653828688584648,0.0,829574.2289580958,5829574.228958095
TECHM.NS/MPHASIS.NS,IT,2025-04-24,1.0,279.8092084641421,-0.7470436344143805,-12500.0,817074.2289580958,5817074.228958095
TECHM.NS/MPHASIS.NS,IT,2025-04-25,1.0,264.611648005794,-0.9349566887897661,-7886.619129836847,809187.609828259,5809187.609828259
TECHM.NS/MPHASIS.NS,IT,2025-04-28,1.0,279.6718185302641,-0.7388537379262264,30333.017999873824,839520.6278281328,5839520.627828132
TECHM.NS/MPHASIS.NS,IT,2025-04-29,1.0,307.93853809586767,-0.36912680151569693,107788.98122365768,947309.6090517906,5947309.60905179
TECHM.NS/MPHASIS.NS,IT,2025-04-30,1.0,334.1640825675445,-0.03641954695569761,65214.51176905354,1012524.1208208441,6012524.120820845
TECHM.NS/MPHASIS.NS,IT,2025-05-02,1.0,330.675974715336,-0.0863230515492206,-19124.580705435717,993399.5401154084,5993399.540115409
TECHM.NS/MPHASIS.NS,IT,2025-05-05,1.0,331.89975851833924,-0.07249817727123638,3271.537680525883,996671.0777959343,5996671.077795934
TECHM.NS/MPHASIS.NS,IT,2025-05-06,1.0,376.83951202003686,0.5170307091530891,97936.92112761078,1094607.998923545,6094607.998923545
TECHM.NS/MPHASIS.NS,IT,2025-05-07,1.0,356.2543812277363,0.23448809952032443,-46959.03558942884,1047648.9633341162,6047648.963334116
TECHM.NS/MPHASIS.NS,IT,2025-05-08,1.0,375.50102919413257,0.4815479160856434,51677.14191146535,1099326.1052455816,6099326.105245582
TECHM.NS/MPHASIS.NS,IT,2025-05-09,1.0,361.4088134939966,0.28408458185461616,-42342.65868968568,1056983.446555896,6056983.446555896
TECHM.NS/MPHASIS.NS,IT,2025-05-12,1.0,372.5888379327398,0.42418748548939966,125324.78234025152,1182308.2288961476,6182308.228896148
TECHM.NS/MPHASIS.NS,IT,2025-05-13,1.0,390.4667681444578,0.6481827066271422,36237.18417588665,1218545.4130720343,6218545.413072035
TECHM.NS/MPHASIS.NS,IT,2025-05-14,1.0,383.8022387617134,0.5584798610261807,22458.091153793055,1241003.5042258273,6241003.504225828
TECHM.NS/MPHASIS.NS,IT,2025-05-15,1.0,385.07993232606964,0.5749880419863672,33418.163056280246,1274421.6672821075,6274421.667282107
TECHM.NS/MPHASIS.NS,IT,2025-05-16,1.0,384.16515473067534,0.5726753458140886,-16090.961535113087,1258330.7057469944,6258330.705746994
TECHM.NS/MPHASIS.NS,IT,2025-05-19,0.0,395.0594426373889,0.735080292763469,-13304.830356833809,1245025.8753901606,6245025.875390161
TECHM.NS/MPHASIS.NS,IT,2025-05-20,0.0,375.3357861749273,0.492213735497245,-0.0,1245025.8753901606,6245025.875390161
TECHM.NS/MPHASIS.NS,IT,2025-05-21,0.0,385.2441623188763,0.6457790388720238,0.0,1245025.8753901606,6245025.875390161
TECHM.NS/MPHASIS.NS,IT,2025-05-22,0.0,360.4974347347504,0.34102834601469434,-0.0,1245025.8753901606,6245025.875390161
TECHM.NS/MPHASIS.NS,IT,2025-05-23,0.0,375.437457507991,0.5810582466684685,0.0,1245025.8753901606,6245025.875390161
TECHM.NS/MPHASIS.NS,IT,2025-05-26,0.0,393.3946830032314,0.8478042923411873,0.0,1245025.8753901606,6245025.875390161
TECHM.NS/MPHASIS.NS,IT,2025-05-27,0.0,388.4879133340746,0.7949659548629031,-0.0,1245025.8753901606,6245025.875390161
TECHM.NS/MPHASIS.NS,IT,2025-05-28,0.0,379.8062294543374,0.6887469277581847,-0.0,1245025.8753901606,6245025.875390161
TECHM.NS/MPHASIS.NS,IT,2025-05-29,0.0,383.06602221061394,0.7576861164689227,0.0,1245025.8753901606,6245025.875390161
TECHM.NS/MPHASIS.NS,IT,2025-05-30,0.0,361.69605609731616,0.47159022883898083,-0.0,1245025.8753901606,6245025.875390161
TECHM.NS/MPHASIS.NS,IT,2025-06-02,0.0,368.0802751333272,0.591311191056746,-0.0,1245025.8753901606,6245025.875390161
TECHM.NS/MPHASIS.NS,IT,2025-06-03,0.0,358.51440297072963,0.4614478770279543,-0.0,1245025.8753901606,6245025.875390161
TECHM.NS/MPHASIS.NS,IT,2025-06-04,0.0,369.89538178092766,0.6652982453932125,0.0,1245025.8753901606,6245025.875390161
TECHM.NS/MPHASIS.NS,IT,2025-06-05,0.0,363.97935407765294,0.6044114419456615,-0.0,1245025.8753901606,6245025.875390161
TECHM.NS/MPHASIS.NS,IT,2025-06-06,0.0,365.04560653463705,0.6328277146522231,0.0,1245025.8753901606,6245025.875390161
TECHM.NS/MPHASIS.NS,IT,2025-06-09,0.0,347.1164539241938,0.3512388099226991,-0.0,1245025.8753901606,6245025.875390161
TECHM.NS/MPHASIS.NS,IT,2025-06-10,0.0,347.05437709447506,0.3734701447799961,0.0,1245025.8753901606,6245025.875390161
TECHM.NS/MPHASIS.NS,IT,2025-06-11,0.0,368.50054925116956,0.7553053796983555,0.0,1245025.8753901606,6245025.875390161
TECHM.NS/MPHASIS.NS,IT,2025-06-12,0.0,381.920955613331,0.9866442385682486,0.0,1245025.8753901606,6245025.875390161
TECHM.NS/MPHASIS.NS,IT,2025-06-13,0.0,404.62116298208275,1.368744461716673,0.0,1245025.8753901606,6245025.875390161
TECHM.NS/MPHASIS.NS,IT,2025-06-16,-1.0,409.7905302001677,1.4437969343921808,-12500.0,1232525.8753901606,6232525.875390161
TECHM.NS/MPHASIS.NS,IT,2025-06-17,-1.0,439.3661207495179,1.8974396192878211,-84858.38205664237,1147667.4933335183,6147667.4933335185
TECHM.NS/MPHASIS.NS,IT,2025-06-18,-1.0,434.5303579120057,1.7363946448199936,17836.353031466137,1165503.8463649845,6165503.846364984
TECHM.NS/MPHASIS.NS,IT,2025-06-19,-1.0,426.49343670986286,1.543509908514032,44415.10274505163,1209918.9491100363,6209918.949110037
TECHM.NS/MPHASIS.NS,IT,2025-06-20,-1.0,416.86107783815123,1.3408398362285476,5784.472382518143,1215703.4214925545,6215703.421492554
TECHM.NS/MPHASIS.NS,IT,2025-06-23,-1.0,413.42111695487074,1.2415186604099695,22526.860125791365,1238230.2816183458,6238230.2816183455
TECHM.NS/MPHASIS.NS,IT,2025-06-24,-1.0,404.73232133598117,1.0688401049371035,22272.631369764476,1260502.9129881102,6260502.91298811
TECHM.NS/MPHASIS.NS,IT,2025-06-25,-1.0,400.35824855415353,0.9710386839387489,-23054.776829028786,1237448.1361590815,6237448.136159081
TECHM.NS/MPHASIS.NS,IT,2025-06-26,-1.0,364.31769174397186,0.36658966121010195,85295.50835787266,1322743.6445169542,6322743.644516954
TECHM.NS/MPHASIS.NS,IT,2025-06-27,-1.0,350.454239898693,0.11100527633784427,44678.3161653316,1367421.9606822857,6367421.960682286
TECHM.NS/MPHASIS.NS,IT,2025-06-30,-1.0,342.35472974619825,-0.055239696448042996,-155.39670677810776,1367266.5639755076,6367266.563975507
TECHM.NS/MPHASIS.NS,IT,2025-07-01,-1.0,311.45692844231803,-0.616905845635388,76147.99372067934,1443414.557696187,6443414.557696187
TECHM.NS/MPHASIS.NS,IT,2025-07-02,-1.0,313.9566041377225,-0.6053676974816311,-12037.781793071343,1431376.7759031155,6431376.775903115
TECHM.NS/MPHASIS.NS,IT,2025-07-03,-1.0,311.54646502478204,-0.6715919081123927,10941.988367108983,1442318.7642702246,6442318.764270225
TECHM.NS/MPHASIS.NS,IT,2025-07-04,-1.0,306.1052775161843,-0.7782445029040744,-7314.146624326605,1435004.617645898,6435004.617645898
TECHM.NS/MPHASIS.NS,IT,2025-07-07,-1.0,297.802781293125,-0.9365864693531456,55352.51361676576,1490357.1312626638,6490357.131262664
TECHM.NS/MPHASIS.NS,IT,2025-07-08,-1.0,293.44985064248795,-1.0324331484582625,-7271.576640563806,1483085.5546221,6483085.5546221
TECHM.NS/MPHASIS.NS,IT,2025-07-09,-1.0,268.49342087256923,-1.5035975691570902,72135.5892151394,1555221.1438372394,6555221.14383724
TECHM.NS/MPHASIS.NS,IT,2025-07-10,-1.0,255.5743938694468,-1.7788625399405824,43257.5533034303,1598478.6971406697,6598478.697140669
TECHM.NS/MPHASIS.NS,IT,2025-07-11,-1.0,267.9270054789456,-1.5808926598640458,-25511.345582212354,1572967.3515584574,6572967.351558457
TECHM.NS/MPHASIS.NS,IT,2025-07-14,-1.0,247.22710540919684,-2.001039161595179,72928.70196273261,1645896.05352119,6645896.05352119
TECHM.NS/MPHASIS.NS,IT,2025-07-15,-1.0,224.55410311174228,-2.3888825822390523,37871.074308384734,1683767.1278295747,6683767.127829575
TECHM.NS/MPHASIS.NS,IT,2025-07-16,-1.0,256.03121987932104,-1.8058978789165077,-97922.24745266666,1585844.880376908,6585844.880376908
TECHM.NS/MPHASIS.NS,IT,2025-07-17,0.0,228.16110149996598,-2.2879493597060714,98598.0145428699,1684442.894919778,6684442.894919778
TECHM.NS/MPHASIS.NS,IT,2025-07-18,0.0,218.9717793167597,-2.357501676528493,-0.0,1684442.894919778,6684442.894919778
TECHM.NS/MPHASIS.NS,IT,2025-07-21,0.0,227.4660431310283,-2.146425377937288,0.0,1684442.894919778,6684442.894919778
TECHM.NS/MPHASIS.NS,IT,2025-07-22,0.0,242.3136842362128,-1.8389779300067004,0.0,1684442.894919778,6684442.894919778
TECHM.NS/MPHASIS.NS,IT,2025-07-23,0.0,260.0996469342772,-1.4902928356375615,0.0,1684442.894919778,6684442.894919778
TECHM.NS/MPHASIS.NS,IT,2025-07-24,0.0,251.11526456870956,-1.5864605196100308,-0.0,1684442.894919778,6684442.894919778
TECHM.NS/MPHASIS.NS,IT,2025-07-25,0.0,228.54387867077162,-1.8797077773219084,-0.0,1684442.894919778,6684442.894919778
TECHM.NS/MPHASIS.NS,IT,2025-07-28,0.0,182.17463960479836,-2.459329780361669,-0.0,1684442.894919778,6684442.894919778
TECHM.NS/MPHASIS.NS,IT,2025-07-29,0.0,153.52805873940224,-2.671836619246703,-0.0,1684442.894919778,6684442.894919778
TECHM.NS/MPHASIS.NS,IT,2025-07-30,0.0,148.0560386085947,-2.5471517781137982,0.0,1684442.894919778,6684442.894919778
TECHM.NS/MPHASIS.NS,IT,2025-07-31,0.0,155.92023017415295,-2.2854528030081767,0.0,1684442.894919778,6684442.894919778
TECHM.NS/MPHASIS.NS,IT,2025-08-01,0.0,146.66644480261016,-2.257221028133374,-0.0,1684442.894919778,6684442.894919778
TECHM.NS/MPHASIS.NS,IT,2025-08-04,0.0,186.13007949163398,-1.6850008902035234,0.0,1684442.894919778,6684442.894919778
TECHM.NS/MPHASIS.NS,IT,2025-08-05,0.0,215.11168755300173,-1.2823511232272324,0.0,1684442.894919778,6684442.894919778
TECHM.NS/MPHASIS.NS,IT,2025-08-06,0.0,212.6479854136512,-1.266344943224404,-0.0,1684442.894919778,6684442.894919778
TECHM.NS/MPHASIS.NS,IT,2025-08-07,0.0,212.95737302313137,-1.219151422176042,0.0,1684442.894919778,6684442.894919778
TECHM.NS/MPHASIS.NS,IT,2025-08-08,0.0,214.47501990512797,-1.1604078554523278,0.0,1684442.894919778,6684442.894919778
TECHM.NS/MPHASIS.NS,IT,2025-08-11,0.0,225.8179424987702,-0.9916852797530059,0.0,1684442.894919778,6684442.894919778
TECHM.NS/MPHASIS.NS,IT,2025-08-12,0.0,232.4934258963424,-0.882615761913497,0.0,1684442.894919778,6684442.894919778
TECHM.NS/MPHASIS.NS,IT,2025-08-13,0.0,239.7723650716514,-0.7690841573795762,0.0,1684442.894919778,6684442.894919778
TECHM.NS/MPHASIS.NS,IT,2025-08-14,0.0,209.6137835340869,-1.0915985627715499,-0.0,1684442.894919778,6684442.894919778
TECHM.NS/MPHASIS.NS,IT,2025-08-18,0.0,204.61049003455287,-1.112491057527026,-0.0,1684442.894919778,6684442.894919778
TECHM.NS/MPHASIS.NS,IT,2025-08-19,0.0,209.17684268390144,-1.0241405782400042,0.0,1684442.894919778,6684442.894919778
TECHM.NS/MPHASIS.NS,IT,2025-08-20,0.0,193.78997624175713,-1.1659737593569024,0.0,1684442.894919778,6684442.894919778
TECHM.NS/MPHASIS.NS,IT,2025-08-21,0.0,182.58205233106924,-1.25376357568815,-0.0,1684442.894919778,6684442.894919778
TECHM.NS/MPHASIS.NS,IT,2025-08-22,0.0,169.4701519233854,-1.3583548966957328,-0.0,1684442.894919778,6684442.894919778
TECHM.NS/MPHASIS.NS,IT,2025-08-25,0.0,159.6839992296325,-1.4179415052810274,0.0,1684442.894919778,6684442.894919778
TECHM.NS/MPHASIS.NS,IT,2025-08-26,0.0,155.6963727001305,-1.410478332532532,-0.0,1684442.894919778,6684442.894919778
TECHM.NS/MPHASIS.NS,IT,2025-08-28,0.0,167.96524878496916,-1.226318361396358,0.0,1684442.894919778,6684442.894919778
TECHM.NS/MPHASIS.NS,IT,2025-08-29,0.0,173.98362181550624,-1.1196035272242415,-0.0,1684442.894919778,6684442.894919778
TECHM.NS/MPHASIS.NS,IT,2025-09-01,0.0,137.1387621461995,-1.4811144691264033,-0.0,1684442.894919778,6684442.894919778
TECHM.NS/MPHASIS.NS,IT,2025-09-02,0.0,152.6875063693874,-1.2614990487534627,0.0,1684442.894919778,6684442.894919778
TECHM.NS/MPHASIS.NS,IT,2025-09-03,0.0,152.6164271686357,-1.2190497942052434,-0.0,1684442.894919778,6684442.894919778
TECHM.NS/MPHASIS.NS,IT,2025-09-04,0.0,159.36164666001014,-1.1057585235317446,-0.0,1684442.894919778,6684442.894919778
TECHM.NS/MPHASIS.NS,IT,2025-09-05,0.0,166.37641432425585,-0.9945944372319071,-0.0,1684442.894919778,6684442.894919778
TECHM.NS/MPHASIS.NS,IT,2025-09-08,0.0,154.4219155024657,-1.093639893081205,-0.0,1684442.894919778,6684442.894919778
TECHM.NS/MPHASIS.NS,IT,2025-09-09,0.0,160.79545904361794,-0.9935489475725983,0.0,1684442.894919778,6684442.894919778
TECHM.NS/MPHASIS.NS,IT,2025-09-10,0.0,135.80192209469578,-1.248858324607633,-0.0,1684442.894919778,6684442.894919778
TECHM.NS/MPHASIS.NS,IT,2025-09-11,0.0,150.48210832623954,-1.0607059390233127,0.0,1684442.894919778,6684442.894919778
TECHM.NS/MPHASIS.NS,IT,2025-09-12,0.0,164.217370445592,-0.8781857064691164,0.0,1684442.894919778,6684442.894919778
TECHM.NS/MPHASIS.NS,IT,2025-09-15,0.0,142.96501515234377,-1.1351180836931036,-0.0,1684442.894919778,6684442.894919778
TECHM.NS/MPHASIS.NS,IT,2025-09-16,0.0,149.074179830739,-1.0430680240452164,0.0,1684442.894919778,6684442.894919778
TECHM.NS/MPHASIS.NS,IT,2025-09-17,0.0,151.8846072068509,-0.9963453374255591,0.0,1684442.894919778,6684442.894919778
TECHM.NS/MPHASIS.NS,IT,2025-09-18,0.0,145.13274629566604,-1.0920035128425558,-0.0,1684442.894919778,6684442.894919778
TECHM.NS/MPHASIS.NS,IT,2025-09-19,0.0,151.18396251360014,-0.9989739783013979,0.0,1684442.894919778,6684442.894919778
TECHM.NS/MPHASIS.NS,IT,2025-09-22,0.0,168.1456087332365,-0.7011886246511287,-0.0,1684442.894919778,6684442.894919778
TECHM.NS/MPHASIS.NS,IT,2025-09-23,0.0,174.452514399449,-0.5694164672809942,-0.0,1684442.894919778,6684442.894919778
TECHM.NS/MPHASIS.NS,IT,2025-09-24,0.0,167.21176736666757,-0.6850484410641203,-0.0,1684442.894919778,6684442.894919778
TECHM.NS/MPHASIS.NS,IT,2025-09-25,0.0,169.97648558049855,-0.6075843269085952,-0.0,1684442.894919778,6684442.894919778
TECHM.NS/MPHASIS.NS,IT,2025-09-26,0.0,168.4319572896013,-0.6165857772722794,-0.0,1684442.894919778,6684442.894919778
TECHM.NS/MPHASIS.NS,IT,2025-09-29,0.0,155.25628949904535,-0.8787474185460086,-0.0,1684442.894919778,6684442.894919778
TECHM.NS/MPHASIS.NS,IT,2025-09-30,0.0,155.71270079400279,-0.8536291786552053,-0.0,1684442.894919778,6684442.894919778
TECHM.NS/MPHASIS.NS,IT,2025-10-01,0.0,154.5620328417349,-0.8651706608781299,0.0,1684442.894919778,6684442.894919778
TECHM.NS/MPHASIS.NS,IT,2025-10-03,0.0,119.04725419444003,-1.7106418112532367,-0.0,1684442.894919778,6684442.894919778
TECHM.NS/MPHASIS.NS,IT,2025-10-06,0.0,131.4397029297361,-1.3706014357500196,0.0,1684442.894919778,6684442.894919778
TECHM.NS/MPHASIS.NS,IT,2025-10-07,0.0,119.62080638254952,-1.6243931812589252,-0.0,1684442.894919778,6684442.894919778
TECHM.NS/MPHASIS.NS,IT,2025-10-08,0.0,146.2940224046538,-0.9179031290494246,0.0,1684442.894919778,6684442.894919778
TECHM.NS/MPHASIS.NS,IT,2025-10-09,0.0,151.06555686244565,-0.7650803255322892,0.0,1684442.894919778,6684442.894919778
TECHM.NS/MPHASIS.NS,IT,2025-10-10,0.0,152.8014818265856,-0.6914406167011588,-0.0,1684442.894919778,6684442.894919778
TECHM.NS/MPHASIS.NS,IT,2025-10-13,0.0,161.57866885563226,-0.42274470772966954,0.0,1684442.894919778,6684442.894919778
TECHM.NS/MPHASIS.NS,IT,2025-10-14,0.0,180.27823062036396,0.13935517923654786,0.0,1684442.894919778,6684442.894919778
TECHM.NS/MPHASIS.NS,IT,2025-10-15,0.0,155.12275600488283,-0.5717699229176321,-0.0,1684442.894919778,6684442.894919778
TECHM.NS/MPHASIS.NS,IT,2025-10-16,0.0,158.9876115955542,-0.43224967180755264,0.0,1684442.894919778,6684442.894919778
TECHM.NS/MPHASIS.NS,IT,2025-10-17,0.0,183.82722990585648,0.3602405456426713,0.0,1684442.894919778,6684442.894919778
TECHM.NS/MPHASIS.NS,IT,2025-10-20,0.0,171.11204654416952,0.008781199349636481,-0.0,1684442.894919778,6684442.894919778
TECHM.NS/MPHASIS.NS,IT,2025-10-21,0.0,178.36383351725704,0.313350556301572,0.0,1684442.894919778,6684442.894919778
TECHM.NS/MPHASIS.NS,IT,2025-10-23,0.0,166.3595681612744,-0.08381744439074125,0.0,1684442.894919778,6684442.894919778
TECHM.NS/MPHASIS.NS,IT,2025-10-24,0.0,148.03780134071712,-0.7454875891148105,-0.0,1684442.894919778,6684442.894919778
TECHM.NS/MPHASIS.NS,IT,2025-10-27,0.0,125.4891027512192,-1.5402369664005782,-0.0,1684442.894919778,6684442.894919778
TECHM.NS/MPHASIS.NS,IT,2025-10-28,0.0,136.4960625370877,-1.1228649841786302,-0.0,1684442.894919778,6684442.894919778
TECHM.NS/MPHASIS.NS,IT,2025-10-29,0.0,121.50404458051548,-1.6122905401582424,-0.0,1684442.894919778,6684442.894919778
TECHM.NS/MPHASIS.NS,IT,2025-10-30,0.0,94.97303401142563,-2.4072102674947713,-0.0,1684442.894919778,6684442.894919778
TECHM.NS/MPHASIS.NS,IT,2025-10-31,0.0,144.0116243481491,-0.719644991833724,0.0,1684442.894919778,6684442.894919778
TECHM.NS/MPHASIS.NS,IT,2025-11-03,0.0,130.61566012284266,-1.141883968793738,-0.0,1684442.894919778,6684442.894919778
TECHM.NS/MPHASIS.NS,IT,2025-11-04,0.0,128.206176508824,-1.1911485437021794,-0.0,1684442.894919778,6684442.894919778
TECHM.NS/MPHASIS.NS,IT,2025-11-06,0.0,129.20900363183682,-1.1259226174180608,0.0,1684442.894919778,6684442.894919778
TECHM.NS/MPHASIS.NS,IT,2025-11-07,0.0,120.0497568657745,-1.4144258109771015,-0.0,1684442.894919778,6684442.894919778
TECHM.NS/MPHASIS.NS,IT,2025-11-10,0.0,112.77392923417142,-1.6526012548583768,0.0,1684442.894919778,6684442.894919778
TECHM.NS/MPHASIS.NS,IT,2025-11-11,0.0,122.13039866258987,-1.3104023655426449,0.0,1684442.894919778,6684442.894919778
TECHM.NS/MPHASIS.NS,IT,2025-11-12,0.0,147.27115236647137,-0.2985401709062509,0.0,1684442.894919778,6684442.894919778
TECHM.NS/MPHASIS.NS,IT,2025-11-13,0.0,144.40074003584186,-0.3950490032910005,-0.0,1684442.894919778,6684442.894919778
TECHM.NS/MPHASIS.NS,IT,2025-11-14,0.0,154.97061000309645,0.12881191806322587,-0.0,1684442.894919778,6684442.894919778
TECHM.NS/MPHASIS.NS,IT,2025-11-17,0.0,205.76627227846257,2.574255717879994,0.0,1684442.894919778,6684442.894919778
TECHM.NS/MPHASIS.NS,IT,2025-11-18,-1.0,189.33992771688168,1.80060455212635,-12500.0,1671942.894919778,6671942.894919778
TECHM.NS/MPHASIS.NS,IT,2025-11-19,-1.0,176.09194367058558,1.1728543778785903,6140.904988886547,1678083.7999086645,6678083.799908664
TECHM.NS/MPHASIS.NS,IT,2025-11-20,-1.0,185.61401362212996,1.5977653982005278,-54325.492289923546,1623758.307618741,6623758.307618741
TECHM.NS/MPHASIS.NS,IT,2025-11-21,-1.0,187.95889422300752,1.6493707763375642,-13237.386597431492,1610520.9210213094,6610520.92102131
TECHM.NS/MPHASIS.NS,IT,2025-11-24,-1.0,212.12570805696805,2.5770471991211004,-98271.31286453258,1512249.608156777,6512249.608156777
TECHM.NS/MPHASIS.NS,IT,2025-11-25,-1.0,197.7669966337544,1.869272439883445,26658.341890851378,1538907.9500476283,6538907.950047628
TECHM.NS/MPHASIS.NS,IT,2025-11-26,-1.0,221.46572941331578,2.685851490888123,-83492.07327813584,1455415.8767694924,6455415.876769492
TECHM.NS/MPHASIS.NS,IT,2025-11-27,-1.0,215.05025917288367,2.2759108566110506,27679.205597601518,1483095.082367094,6483095.082367094
TECHM.NS/MPHASIS.NS,IT,2025-11-28,-1.0,213.40284221736215,2.0898571045905285,-8363.285601472715,1474731.7967656213,6474731.796765622
TECHM.NS/MPHASIS.NS,IT,2025-12-01,-1.0,215.88636678731928,2.0635009003417677,-23023.527604797255,1451708.2691608241,6451708.269160824
TECHM.NS/MPHASIS.NS,IT,2025-12-02,-1.0,220.29319830171903,2.1004557247327673,-18804.480686052582,1432903.7884747717,6432903.788474772
TECHM.NS/MPHASIS.NS,IT,2025-12-03,-1.0,214.85891842263368,1.8308462174481885,2377.5237558437407,1435281.3122306154,6435281.312230615
TECHM.NS/MPHASIS.NS,IT,2025-12-04,-1.0,213.60153080050873,1.7113666484015542,-28522.767930655486,1406758.54429996,6406758.54429996
TECHM.NS/MPHASIS.NS,IT,2025-12-05,-1.0,201.5407227623905,1.27715097215691,8711.454881618016,1415469.999181578,6415469.999181578
TECHM.NS/MPHASIS.NS,IT,2025-12-08,-1.0,247.57560596170356,2.5575371970084655,-111286.05751803437,1304183.9416635435,6304183.941663544
TECHM.NS/MPHASIS.NS,IT,2025-12-09,-1.0,226.2425750526195,1.8170147765928575,80501.95219059751,1384685.893854141,6384685.893854141
TECHM.NS/MPHASIS.NS,IT,2025-12-10,-1.0,225.30387774494375,1.713877402539014,17481.018952029495,1402166.9128061705,6402166.91280617
TECHM.NS/MPHASIS.NS,IT,2025-12-11,-1.0,225.42860318834346,1.644485332909568,-25853.495607121917,1376313.4171990487,6376313.417199049
TECHM.NS/MPHASIS.NS,IT,2025-12-12,-1.0,227.35814902411335,1.6275666686279517,-18312.07120804514,1358001.3459910036,6358001.345991003
TECHM.NS/MPHASIS.NS,IT,2025-12-15,-1.0,231.09596389759213,1.6571316843904615,-2239.219053555533,1355762.126937448,6355762.126937448
TECHM.NS/MPHASIS.NS,IT,2025-12-16,-1.0,249.48899611305774,2.039807605599574,-36637.4750743828,1319124.6518630653,6319124.651863066
TECHM.NS/MPHASIS.NS,IT,2025-12-17,-1.0,249.66851516186352,1.9402959638345227,-2026.50443756743,1317098.1474254979,6317098.147425498
TECHM.NS/MPHASIS.NS,IT,2025-12-18,-1.0,265.0322669501511,2.193316367810865,-64715.54947489796,1252382.5979505999,6252382.5979506
TECHM.NS/MPHASIS.NS,IT,2025-12-19,-1.0,270.7221925524857,2.195523756444184,-19646.735893474273,1232735.8620571257,6232735.862057125
TECHM.NS/MPHASIS.NS,IT,2025-12-22,-1.0,305.49620463445126,2.7542251877122554,-108604.92602332612,1124130.9360337995,6124130.936033799
TECHM.NS/MPHASIS.NS,IT,2025-12-23,-1.0,269.00708995017885,1.8663829036401496,82742.12550414952,1206873.0615379491,6206873.061537949
TECHM.NS/MPHASIS.NS,IT,2025-12-24,-1.0,288.47572001815706,2.1456572815992714,-31977.902144794323,1174895.1593931548,6174895.159393155
TECHM.NS/MPHASIS.NS,IT,2025-12-26,-1.0,288.3519080212179,2.0278392230272257,25838.66401243449,1200733.8234055892,6200733.823405589
TECHM.NS/MPHASIS.NS,IT,2025-12-29,-1.0,305.6890358350902,2.223549600961411,-31359.548264676105,1169374.2751409132,6169374.275140913
TECHM.NS/MPHASIS.NS,IT,2025-12-30,-1.0,305.5584429653004,2.096688590940245,10547.324064890106,1179921.5992058034,6179921.599205803
TECHM.NS/LTTS.NS,IT,2022-01-03,0.0,-255.6250957171394,0.09059042070920312,-0.0,-0.0,5000000.0
TECHM.NS/LTTS.NS,IT,2022-01-04,0.0,-310.0265664806236,-0.7403093631738574,-0.0,-0.0,5000000.0
TECHM.NS/LTTS.NS,IT,2022-01-05,0.0,-331.5773255488216,-1.0479080690316969,-0.0,-0.0,5000000.0
TECHM.NS/LTTS.NS,IT,2022-01-06,0.0,-339.7722078971012,-1.1429156619786134,-0.0,-0.0,5000000.0
TECHM.NS/LTTS.NS,IT,2022-01-07,0.0,-339.831996885174,-1.1137252921537468,0.0,0.0,5000000.0
TECHM.NS/LTTS.NS,IT,2022-01-10,0.0,-274.2341967926627,-0.12573376771890002,0.0,0.0,5000000.0
TECHM.NS/LTTS.NS,IT,2022-01-11,0.0,-271.4498487218873,-0.08693323161725544,0.0,0.0,5000000.0
TECHM.NS/LTTS.NS,IT,2022-01-12,0.0,-270.38119807249427,-0.06655303063835628,-0.0,0.0,5000000.0
TECHM.NS/LTTS.NS,IT,2022-01-13,0.0,-290.69549321412364,-0.37200525294437026,-0.0,0.0,5000000.0
TECHM.NS/LTTS.NS,IT,2022-01-14,0.0,-238.6289298985887,0.4129068063243174,0.0,0.0,5000000.0
TECHM.NS/LTTS.NS,IT,2022-01-17,0.0,-261.77338260601573,0.08701473110359854,-0.0,0.0,5000000.0
TECHM.NS/LTTS.NS,IT,2022-01-18,0.0,-266.2809686018172,0.052864827517835604,-0.0,0.0,5000000.0
TECHM.NS/LTTS.NS,IT,2022-01-19,0.0,-152.35779095030125,1.9109627356331476,0.0,0.0,5000000.0
TECHM.NS/LTTS.NS,IT,2022-01-20,-1.0,-168.03761296152766,1.753491552134688,-12500.0,-12500.0,4987500.0
TECHM.NS/LTTS.NS,IT,2022-01-21,-1.0,-134.73723770977608,2.3196794430134466,121212.34459928675,108712.34459928675,5108712.344599287
TECHM.NS/LTTS.NS,IT,2022-01-24,-1.0,-124.81837484179277,2.436459834720183,166265.90767928876,274978.2522785755,5274978.252278576
TECHM.NS/LTTS.NS,IT,2022-01-25,-1.0,-147.93211358260055,1.9748453390936973,55953.49683882749,330931.749117403,5330931.749117403
TECHM.NS/LTTS.NS,IT,2022-01-27,-1.0,-122.59547439352446,2.2547192328993284,100345.11356178502,431276.862679188,5431276.862679188
TECHM.NS/LTTS.NS,IT,2022-01-28,-1.0,-221.84442194732605,0.703679236071423,205312.80781995735,636589.6704991454,5636589.670499145
TECHM.NS/LTTS.NS,IT,2022-01-31,-1.0,-198.85693315238677,1.032004561686965,-201889.77427249827,434699.89622664714,5434699.896226647
TECHM.NS/LTTS.NS,IT,2022-02-01,-1.0,-176.59620725266495,1.3281522926964673,-89944.92814019055,344754.9680864566,5344754.968086457
TECHM.NS/LTTS.NS,IT,2022-02-02,-1.0,-222.42218044176957,0.6283554845302113,105515.63338547286,450270.60147192946,5450270.60147193
TECHM.NS/LTTS.NS,IT,2022-02-03,-1.0,-188.4826551341996,1.1113225376464626,32216.41309692205,482487.0145688515,5482487.014568851
TECHM.NS/LTTS.NS,IT,2022-02-04,-1.0,-178.75939402160907,1.224276428540416,3830.608721475462,486317.62329032697,5486317.623290327
TECHM.NS/LTTS.NS,IT,2022-02-07,-1.0,-151.32682728918917,1.5614783770482727,-22280.230826967163,464037.3924633598,5464037.39246336
TECHM.NS/LTTS.NS,IT,2022-02-08,-1.0,-151.47085802983906,1.498746685289521,24950.339942664275,488987.73240602406,5488987.732406024
TECHM.NS/LTTS.NS,IT,2022-02-09,-1.0,-182.87054017947025,1.019353981395551,-13357.575432034006,475630.15697399003,5475630.15697399
TECHM.NS/LTTS.NS,IT,2022-02-10,-1.0,-205.78301508970458,0.6733578505232245,-7203.840160321731,468426.3168136683,5468426.316813668
TECHM.NS/LTTS.NS,IT,2022-02-11,-1.0,-180.60863196313085,1.0012284630858208,78371.0233288871,546797.3401425554,5546797.340142556
TECHM.NS/LTTS.NS,IT,2022-02-14,-1.0,-190.6386145622355,0.8374713488242977,99029.08773280549,645826.4278753609,5645826.4278753605
TECHM.NS/LTTS.NS,IT,2022-02-15,-1.0,-188.69215895339858,0.8384471248417283,-130200.8240380383,515625.6038373226,5515625.603837322
TECHM.NS/LTTS.NS,IT,2022-02-16,-1.0,-163.66115645063883,1.1807595240259379,-39875.17110559583,475750.4327317268,5475750.432731727
TECHM.NS/LTTS.NS,IT,2022-02-17,-1.0,-145.53382000984107,1.408900195449323,-30103.949657618014,445646.4830741088,5445646.483074109
TECHM.NS/LTTS.NS,IT,2022-02-18,-1.0,-156.82282913706763,1.1982629693796325,36905.80592725636,482552.28900136513,5482552.289001365
TECHM.NS/LTTS.NS,IT,2022-02-21,-1.0,-149.04717001922222,1.278242155466385,39515.03402604341,522067.32302740857,5522067.323027409
TECHM.NS/LTTS.NS,IT,2022-02-22,-1.0,-174.59240269606562,0.8550078465145659,45033.2626826198,567100.5857100284,5567100.585710028
TECHM.NS/LTTS.NS,IT,2022-02-23,-1.0,-180.9564550315522,0.7297614409869971,5689.25479872837,572789.8405087568,5572789.840508757
TECHM.NS/LTTS.NS,IT,2022-02-24,-1.0,-198.05321696435226,0.43799514161428915,223573.51066603372,796363.3511747905,5796363.35117479
TECHM.NS/LTTS.NS,IT,2022-02-25,-1.0,-191.12884136287676,0.5228027536463481,-161969.8605927101,634393.4905820804,5634393.490582081
TECHM.NS/LTTS.NS,IT,2022-02-28,-1.0,-207.51295887059632,0.23166046504848709,-32898.08404748312,601495.4065345973,5601495.406534597
TECHM.NS/LTTS.NS,IT,2022-03-02,-1.0,-222.95844597991368,-0.04753501444829571,58024.86111867238,659520.2676532697,5659520.26765327
TECHM.NS/LTTS.NS,IT,2022-03-03,-1.0,-232.59979371741292,-0.22814808001935616,-72705.10176891349,586815.1658843562,5586815.165884356
TECHM.NS/LTTS.NS,IT,2022-03-04,-1.0,-195.75123346583746,0.3746995173504444,-110312.62792850609,476502.53795585013,5476502.53795585
TECHM.NS/LTTS.NS,IT,2022-03-07,-1.0,-219.8032015751014,-0.06533959052020252,100355.32613413682,576857.864089987,5576857.864089987
TECHM.NS/LTTS.NS,IT,2022-03-08,-1.0,-254.3312799939863,-0.6963741838884897,-56521.47726501819,520336.3868249688,5520336.386824969
TECHM.NS/LTTS.NS,IT,2022-03-09,-1.0,-216.65736074864344,-0.04997115348083735,-147872.49458849546,372463.89223647333,5372463.892236473
TECHM.NS/LTTS.NS,IT,2022-03-10,-1.0,-270.2532918375855,-1.0399494920335703,105161.33928522894,477625.23152170226,5477625.231521702
TECHM.NS/LTTS.NS,IT,2022-03-11,-1.0,-268.37275094924917,-1.014455092272437,-5576.299191505688,472048.93233019655,5472048.932330197
TECHM.NS/LTTS.NS,IT,2022-03-14,-1.0,-264.1688455331114,-0.9657028880572945,-44273.62648789708,427775.3058422995,5427775.305842299
TECHM.NS/LTTS.NS,IT,2022-03-15,-1.0,-234.98078582580615,-0.44392715143790407,76626.50743874448,504401.81328104396,5504401.813281044
TECHM.NS/LTTS.NS,IT,2022-03-16,-1.0,-208.75127975789337,0.058916339607423644,-106933.68771890487,397468.1255621391,5397468.125562139
TECHM.NS/LTTS.NS,IT,2022-03-17,0.0,-198.86756219953077,0.23931793573330568,-32169.416794839013,365298.70876730006,5365298.7087673005
TECHM.NS/LTTS.NS,IT,2022-03-21,0.0,-227.6031639639848,-0.3147941588849682,-0.0,365298.70876730006,5365298.7087673005
TECHM.NS/LTTS.NS,IT,2022-03-22,0.0,-206.07302404165694,0.09519632152863038,0.0,365298.70876730006,5365298.7087673005
TECHM.NS/LTTS.NS,IT,2022-03-23,0.0,-208.70019163063625,0.05125686234478696,0.0,365298.70876730006,5365298.7087673005
TECHM.NS/LTTS.NS,IT,2022-03-24,0.0,-229.49507108471494,-0.3321097572084482,0.0,365298.70876730006,5365298.7087673005
TECHM.NS/LTTS.NS,IT,2022-03-25,0.0,-228.18947820227777,-0.2875454599549559,-0.0,365298.70876730006,5365298.7087673005
TECHM.NS/LTTS.NS,IT,2022-03-28,0.0,-222.21414833469225,-0.16483932972935939,-0.0,365298.70876730006,5365298.7087673005
TECHM.NS/LTTS.NS,IT,2022-03-29,0.0,-249.00683485281274,-0.66541000050734,-0.0,365298.70876730006,5365298.7087673005
TECHM.NS/LTTS.NS,IT,2022-03-30,0.0,-313.09193331171105,-1.8182101056312163,-0.0,365298.70876730006,5365298.7087673005
TECHM.NS/LTTS.NS,IT,2022-03-31,1.0,-309.1806629799087,-1.6927338213168106,-12500.0,352798.70876730006,5352798.7087673005
TECHM.NS/LTTS.NS,IT,2022-04-01,1.0,-324.61412097045627,-1.9559659096739925,-46310.88704126056,306487.8217260395,5306487.821726039
TECHM.NS/LTTS.NS,IT,2022-04-04,1.0,-337.410190231142,-2.179345083788475,15524.110198173761,322011.9319242133,5322011.931924214
TECHM.NS/LTTS.NS,IT,2022-04-05,1.0,-338.3532720259084,-2.199046333430974,-24703.390172207302,297308.541752006,5297308.541752006
TECHM.NS/LTTS.NS,IT,2022-04-06,1.0,-354.3358878276206,-2.459713972514272,-90313.6659772412,206994.8757747648,5206994.875774764
TECHM.NS/LTTS.NS,IT,2022-04-07,1.0,-295.88921226310254,-1.389569780456126,83563.49219959314,290558.3679743579,5290558.367974358
TECHM.NS/LTTS.NS,IT,2022-04-08,1.0,-317.4104172965567,-1.7280772319783597,-72426.82670285787,218131.54127150006,5218131.5412715
TECHM.NS/LTTS.NS,IT,2022-04-11,1.0,-256.89396226139775,-0.6727476131470504,65185.74378828595,283317.285059786,5283317.285059786
TECHM.NS/LTTS.NS,IT,2022-04-12,1.0,-222.02537451957164,-0.08050378235195071,-47660.34888089004,235656.93617889596,5235656.936178896
TECHM.NS/LTTS.NS,IT,2022-04-13,1.0,-199.4965517213343,0.3099498781414089,14279.731234629762,249936.66741352572,5249936.667413525
TECHM.NS/LTTS.NS,IT,2022-04-18,1.0,-192.7605899517548,0.41133918196137015,-160181.31939966118,89755.34801386454,5089755.348013865
TECHM.NS/LTTS.NS,IT,2022-04-19,1.0,-199.974198903142,0.26396112139594957,-124924.58683941921,-35169.23882555467,4964830.761174445
TECHM.NS/LTTS.NS,IT,2022-04-20,1.0,-184.23553383996523,0.5620995658577215,41975.406673099475,6806.167847544806,5006806.167847545
TECHM.NS/LTTS.NS,IT,2022-04-21,1.0,-200.9345022558432,0.26986351431605093,-11488.867475110032,-4682.6996275652255,4995317.300372435
TECHM.NS/LTTS.NS,IT,2022-04-22,1.0,-161.9330147389112,1.0021764477457082,31484.26378179919,26801.564154233965,5026801.564154234
TECHM.NS/LTTS.NS,IT,2022-04-25,1.0,-164.43581848559802,0.9844811323195829,-101925.94978367865,-75124.38562944467,4924875.614370556
TECHM.NS/LTTS.NS,IT,2022-04-26,0.0,-169.30436113727205,0.9064435454046491,-4682.780594313135,-79807.16622375781,4920192.833776242
TECHM.NS/LTTS.NS,IT,2022-04-27,0.0,-176.62797141541228,0.8029167214539361,-0.0,-79807.16622375781,4920192.833776242
TECHM.NS/LTTS.NS,IT,2022-04-28,0.0,-181.69912179784274,0.6888621060842438,0.0,-79807.16622375781,4920192.833776242
TECHM.NS/LTTS.NS,IT,2022-04-29,0.0,-199.2117371360489,0.35095202761226374,-0.0,-79807.16622375781,4920192.833776242
TECHM.NS/LTTS.NS,IT,2022-05-02,0.0,-177.0025665423252,0.7798759413267862,-0.0,-79807.16622375781,4920192.833776242
TECHM.NS/LTTS.NS,IT,2022-05-04,0.0,-190.24308649204272,0.5127844150673833,-0.0,-79807.16622375781,4920192.833776242
TECHM.NS/LTTS.NS,IT,2022-05-05,0.0,-174.58322332681382,0.8074982775580489,0.0,-79807.16622375781,4920192.833776242
TECHM.NS/LTTS.NS,IT,2022-05-06,0.0,-102.66208932072959,2.0907459146682483,0.0,-79807.16622375781,4920192.833776242
TECHM.NS/LTTS.NS,IT,2022-05-09,-1.0,-136.71020812947677,1.4458379258853815,-12500.0,-92307.16622375781,4907692.833776242
TECHM.NS/LTTS.NS,IT,2022-05-10,-1.0,-150.54967421136462,1.1899553821611537,71813.90017606725,-20493.26604769056,4979506.733952309
TECHM.NS/LTTS.NS,IT,2022-05-11,-1.0,-114.02981461073387,1.795549525091679,1651.472837890522,-18841.79320980004,4981158.2067901995
TECHM.NS/LTTS.NS,IT,2022-05-12,-1.0,-82.43956233368294,2.225177976194419,-11302.005401733544,-30143.79861153358,4969856.201388466
TECHM.NS/LTTS.NS,IT,2022-05-13,-1.0,-64.42972579724437,2.3819365645189974,2071.7023385130683,-28072.096273020514,4971927.903726979
TECHM.NS/LTTS.NS,IT,2022-05-16,-1.0,-45.8297559190089,2.502126922111719,11647.013611509994,-16425.082661510518,4983574.91733849
TECHM.NS/LTTS.NS,IT,2022-05-17,-1.0,-122.98112898148747,1.2742444596662714,93289.92902266653,76864.84636115601,5076864.846361156
TECHM.NS/LTTS.NS,IT,2022-05-18,-1.0,-174.97842134600546,0.4841920967759772,151935.3993003056,228800.2456614616,5228800.245661462
TECHM.NS/LTTS.NS,IT,2022-05-19,-1.0,-145.00493956162518,0.9422443070569785,154165.95027073968,382966.1959322013,5382966.195932201
TECHM.NS/LTTS.NS,IT,2022-05-20,-1.0,-134.73206102263475,1.0879106556135867,-88371.40525058685,294594.7906816144,5294594.790681615
TECHM.NS/LTTS.NS,IT,2022-05-23,-1.0,-131.6599951424132,1.1251907649131005,-42422.90247743552,252171.8882041789,5252171.888204179
TECHM.NS/LTTS.NS,IT,2022-05-24,-1.0,-161.6194465878857,0.6670557520412059,183254.9429469606,435426.83115113946,5435426.831151139
TECHM.NS/LTTS.NS,IT,2022-05-25,-1.0,-140.22642879532305,0.9732240772241872,93375.55518511722,528802.3863362566,5528802.386336257
TECHM.NS/LTTS.NS,IT,2022-05-26,-1.0,-112.27723777586493,1.3496059520991648,-106371.55472048803,422430.8316157686,5422430.831615768
TECHM.NS/LTTS.NS,IT,2022-05-27,-1.0,-115.18903873102568,1.2702448196291087,-142002.30733029873,280428.5242854699,5280428.52428547
TECHM.NS/LTTS.NS,IT,2022-05-30,-1.0,-119.89179388263096,1.1665935551659121,-121220.9356608607,159207.5886246092,5159207.58862461
TECHM.NS/LTTS.NS,IT,2022-05-31,-1.0,-83.49477355555905,1.62057087551765,-103215.86385396725,55991.724770641944,5055991.724770642
TECHM.NS/LTTS.NS,IT,2022-06-01,-1.0,-107.9700428860981,1.2327470332085841,136410.7918752507,192402.51664589264,5192402.5166458925
TECHM.NS/LTTS.NS,IT,2022-06-02,-1.0,-145.2291813201955,0.6993899126918103,58264.682802957715,250667.19944885036,5250667.19944885
TECHM.NS/LTTS.NS,IT,2022-06-03,-1.0,-132.8075807488642,0.847012347967142,-24119.842934837157,226547.3565140132,5226547.356514013
TECHM.NS/LTTS.NS,IT,2022-06-06,-1.0,-109.75850792602387,1.1258659518501635,-22608.453357744143,203938.90315626905,5203938.903156269
TECHM.NS/LTTS.NS,IT,2022-06-07,-1.0,-107.95356960254935,1.1147662752919303,40145.98963448791,244084.89279075695,5244084.892790757
TECHM.NS/LTTS.NS,IT,2022-06-08,-1.0,-115.5291108203985,0.9787973836354711,30666.19290781811,274751.0856985751,5274751.085698575
TECHM.NS/LTTS.NS,IT,2022-06-09,-1.0,-122.71721008072859,0.8515446451232236,-34347.79494630601,240403.29075226907,5240403.290752269
TECHM.NS/LTTS.NS,IT,2022-06-10,-1.0,-126.04626662303508,0.7784043163412161,94591.76970159373,334995.06045386277,5334995.060453863
TECHM.NS/LTTS.NS,IT,2022-06-13,-1.0,-113.73186899815994,0.9172177897954298,166675.71132374255,501670.7717776053,5501670.771777606
TECHM.NS/LTTS.NS,IT,2022-06-14,-1.0,-146.61399374494715,0.45233119316880627,127016.76501376892,628687.5367913742,5628687.536791374
TECHM.NS/LTTS.NS,IT,2022-06-15,-1.0,-153.89728344481694,0.3421965532847167,46960.69839674506,675648.2351881192,5675648.235188119
TECHM.NS/LTTS.NS,IT,2022-06-16,-1.0,-148.96420868067798,0.3927640576508586,150478.5441122045,826126.7793003237,5826126.779300324
TECHM.NS/LTTS.NS,IT,2022-06-17,-1.0,-142.7309544165082,0.46356056714966926,27525.99109123273,853652.7703915564,5853652.770391556
TECHM.NS/LTTS.NS,IT,2022-06-20,-1.0,-111.22496302705065,0.869122748825683,-107065.6253852401,746587.1450063164,5746587.145006317
TECHM.NS/LTTS.NS,IT,2022-06-21,-1.0,-130.4174711169759,0.5857280193543253,-42019.278100394666,704567.8669059217,5704567.866905922
TECHM.NS/LTTS.NS,IT,2022-06-22,-1.0,-114.56057760318265,0.7763834020220702,45472.35780629686,750040.2247122186,5750040.224712219
TECHM.NS/LTTS.NS,IT,2022-06-23,-1.0,-125.58614646546857,0.6042881072664568,-21268.009394629404,728772.2153175892,5728772.215317589
TECHM.NS/LTTS.NS,IT,2022-06-24,-1.0,-113.17078647938695,0.7472100809674602,14698.452754366974,743470.6680719563,5743470.668071956
TECHM.NS/LTTS.NS,IT,2022-06-27,-1.0,-115.14827689937795,0.6963055030457431,-90894.53982020584,652576.1282517504,5652576.12825175
TECHM.NS/LTTS.NS,IT,2022-06-28,-1.0,-112.21279679532688,0.714930255399196,-52641.81969303391,599934.3085587164,5599934.308558716
TECHM.NS/LTTS.NS,IT,2022-06-29,-1.0,-90.05259311776786,1.0263759659290415,-38466.19049814494,561468.1180605715,5561468.118060571
TECHM.NS/LTTS.NS,IT,2022-06-30,-1.0,-90.36053412064507,1.0195023289657568,73214.8401457643,634682.9582063358,5634682.958206336
TECHM.NS/LTTS.NS,IT,2022-07-01,-1.0,-67.28268916169611,1.4155154649741128,-77905.99875617037,556776.9594501654,5556776.959450166
TECHM.NS/LTTS.NS,IT,2022-07-04,-1.0,-72.53138192556912,1.3852737959895185,46330.16135431245,603107.1208044778,5603107.1208044775
TECHM.NS/LTTS.NS,IT,2022-07-05,-1.0,-64.2452329602853,1.5633957342933287,-26076.220639389816,577030.900165088,5577030.9001650885
TECHM.NS/LTTS.NS,IT,2022-07-06,-1.0,-83.44836626799054,1.223058505378023,11101.093991729289,588131.9941568173,5588131.994156817
TECHM.NS/LTTS.NS,IT,2022-07-07,-1.0,-86.1028830000572,1.1647482889181158,-33076.48548288218,555055.5086739352,5555055.508673935
TECHM.NS/LTTS.NS,IT,2022-07-08,-1.0,-100.89705213220338,0.7771235549968941,5647.820501599801,560703.329175535,5560703.329175535
TECHM.NS/LTTS.NS,IT,2022-07-11,-1.0,-115.32436806514602,0.37884211709390164,89525.90155415765,650229.2307296926,5650229.230729693
TECHM.NS/LTTS.NS,IT,2022-07-12,-1.0,-114.42168270196771,0.37690553977795715,34497.589955684336,684726.820685377,5684726.820685377
TECHM.NS/LTTS.NS,IT,2022-07-13,-1.0,-125.7665064918964,0.03719235005450584,45373.47176831811,730100.2924536951,5730100.292453695
TECHM.NS/LTTS.NS,IT,2022-07-14,-1.0,-121.70102339065193,0.12468472136347764,44590.40563029756,774690.6980839927,5774690.698083993
TECHM.NS/LTTS.NS,IT,2022-07-15,-1.0,-136.53335593345162,-0.34480947517584315,32885.312878569726,807576.0109625624,5807576.010962563
TECHM.NS/LTTS.NS,IT,2022-07-18,-1.0,-133.49430946184566,-0.2709525878886386,-131443.98448355705,676132.0264790053,5676132.026479006
TECHM.NS/LTTS.NS,IT,2022-07-19,-1.0,-137.7488010634239,-0.41720378539797237,8108.76821987327,684240.7946988787,5684240.794698879
TECHM.NS/LTTS.NS,IT,2022-07-20,-1.0,-173.31966639830262,-1.4947759800518003,-76046.52043097853,608194.2742679002,5608194.2742679
TECHM.NS/LTTS.NS,IT,2022-07-21,-1.0,-161.4275720242215,-1.1535467788661287,-80033.42268101708,528160.8515868831,5528160.851586883
TECHM.NS/LTTS.NS,IT,2022-07-22,-1.0,-166.73927113535547,-1.3406482296532707,22338.288075724875,550499.1396626079,5550499.139662608
TECHM.NS/LTTS.NS,IT,2022-07-25,-1.0,-182.37451119091088,-1.8706087702662944,64308.458048509674,614807.5977111176,5614807.597711118
TECHM.NS/LTTS.NS,IT,2022-07-26,-1.0,-139.86338342577835,-0.5556948885234035,-873.565582057978,613934.0321290597,5613934.03212906
TECHM.NS/LTTS.NS,IT,2022-07-27,-1.0,-145.25121030807782,-0.7837522058982986,-21106.531540939897,592827.5005881197,5592827.50058812
TECHM.NS/LTTS.NS,IT,2022-07-28,-1.0,-151.5347753933811,-1.0272105216196963,-98261.40682650232,494566.09376161743,5494566.093761617
TECHM.NS/LTTS.NS,IT,2022-07-29,-1.0,-176.95522968908585,-1.8101399300459078,2398.537408049668,496964.6311696671,5496964.6311696675
TECHM.NS/LTTS.NS,IT,2022-08-01,0.0,-180.20292210678917,-1.841718104971689,-10924.09580128014,486040.535368387,5486040.535368387
TECHM.NS/LTTS.NS,IT,2022-08-02,0.0,-181.79146333668132,-1.8334732257144823,-0.0,486040.535368387,5486040.535368387
TECHM.NS/LTTS.NS,IT,2022-08-03,0.0,-162.14640387472878,-1.1709041014847439,0.0,486040.535368387,5486040.535368387
TECHM.NS/LTTS.NS,IT,2022-08-04,0.0,-175.28521673738965,-1.527457993691266,-0.0,486040.535368387,5486040.535368387
TECHM.NS/LTTS.NS,IT,2022-08-05,0.0,-184.8000075012278,-1.7721428157108645,-0.0,486040.535368387,5486040.535368387
TECHM.NS/LTTS.NS,IT,2022-08-08,0.0,-194.52409922176275,-2.0489590443250623,-0.0,486040.535368387,5486040.535368387
TECHM.NS/LTTS.NS,IT,2022-08-10,0.0,-194.64191254134607,-1.948366891788384,-0.0,486040.535368387,5486040.535368387
TECHM.NS/LTTS.NS,IT,2022-08-11,0.0,-191.61526046761492,-1.820178106180098,0.0,486040.535368387,5486040.535368387
TECHM.NS/LTTS.NS,IT,2022-08-12,0.0,-208.0968658621523,-2.199428492289092,-0.0,486040.535368387,5486040.535368387
TECHM.NS/LTTS.NS,IT,2022-08-16,0.0,-203.4395866243567,-1.9602086304307278,0.0,486040.535368387,5486040.535368387
TECHM.NS/LTTS.NS,IT,2022-08-17,0.0,-230.62873276876803,-2.53424946335296,0.0,486040.535368387,5486040.535368387
TECHM.NS/LTTS.NS,IT,2022-08-18,0.0,-244.1303254983868,-2.6867450335200993,-0.0,486040.535368387,5486040.535368387
TECHM.NS/LTTS.NS,IT,2022-08-19,0.0,-216.32016870310872,-1.8922074761563283,0.0,486040.535368387,5486040.535368387
TECHM.NS/LTTS.NS,IT,2022-08-22,0.0,-201.5390374015958,-1.471933648109794,-0.0,486040.535368387,5486040.535368387
TECHM.NS/LTTS.NS,IT,2022-08-23,0.0,-205.45092420865035,-1.5044752321764265,-0.0,486040.535368387,5486040.535368387
TECHM.NS/LTTS.NS,IT,2022-08-24,0.0,-209.92688588702413,-1.5457039699503408,0.0,486040.535368387,5486040.535368387
TECHM.NS/LTTS.NS,IT,2022-08-25,0.0,-198.54401589019926,-1.2411741843887352,0.0,486040.535368387,5486040.535368387
TECHM.NS/LTTS.NS,IT,2022-08-26,0.0,-194.18622584025798,-1.1017141683152496,0.0,486040.535368387,5486040.535368387
TECHM.NS/LTTS.NS,IT,2022-08-29,0.0,-209.33051715524152,-1.4039353780145445,-0.0,486040.535368387,5486040.535368387
TECHM.NS/LTTS.NS,IT,2022-08-30,0.0,-216.1520612196016,-1.4994664417028065,0.0,486040.535368387,5486040.535368387
TECHM.NS/LTTS.NS,IT,2022-09-01,0.0,-208.72823904111237,-1.286380426711624,-0.0,486040.535368387,5486040.535368387
TECHM.NS/LTTS.NS,IT,2022-09-02,0.0,-210.74483001364797,-1.2846763293085932,0.0,486040.535368387,5486040.535368387
TECHM.NS/LTTS.NS,IT,2022-09-05,0.0,-204.18564573236154,-1.102006808892957,0.0,486040.535368387,5486040.535368387
TECHM.NS/LTTS.NS,IT,2022-09-06,0.0,-199.12363107858346,-0.959101702194533,0.0,486040.535368387,5486040.535368387
TECHM.NS/LTTS.NS,IT,2022-09-07,0.0,-196.96899041172628,-0.8832418429174823,-0.0,486040.535368387,5486040.535368387
TECHM.NS/LTTS.NS,IT,2022-09-08,0.0,-171.03851346230044,-0.29892664490467297,0.0,486040.535368387,5486040.535368387
TECHM.NS/LTTS.NS,IT,2022-09-09,0.0,-184.15451558309246,-0.5718324196604929,0.0,486040.535368387,5486040.535368387
TECHM.NS/LTTS.NS,IT,2022-09-12,0.0,-185.83465955889778,-0.5951935848450798,0.0,486040.535368387,5486040.535368387
TECHM.NS/LTTS.NS,IT,2022-09-13,0.0,-193.23887930539445,-0.7375841612148292,-0.0,486040.535368387,5486040.535368387
TECHM.NS/LTTS.NS,IT,2022-09-14,0.0,-170.90423793905074,-0.24184451240525903,-0.0,486040.535368387,5486040.535368387
TECHM.NS/LTTS.NS,IT,2022-09-15,0.0,-184.41381218877268,-0.5130619300777043,-0.0,486040.535368387,5486040.535368387
TECHM.NS/LTTS.NS,IT,2022-09-16,0.0,-165.99951500789143,-0.0967598663014779,-0.0,486040.535368387,5486040.535368387
TECHM.NS/LTTS.NS,IT,2022-09-19,0.0,-132.73099939109647,0.6456654060376802,0.0,486040.535368387,5486040.535368387
TECHM.NS/LTTS.NS,IT,2022-09-20,0.0,-138.34298957402552,0.5278521855377564,0.0,486040.535368387,5486040.535368387
TECHM.NS/LTTS.NS,IT,2022-09-21,0.0,-149.8060210295862,0.28966062936241666,-0.0,486040.535368387,5486040.535368387
TECHM.NS/LTTS.NS,IT,2022-09-22,0.0,-169.73392520921198,-0.1379751368234533,-0.0,486040.535368387,5486040.535368387
TECHM.NS/LTTS.NS,IT,2022-09-23,0.0,-168.83785995302037,-0.09746841504637614,-0.0,486040.535368387,5486040.535368387
TECHM.NS/LTTS.NS,IT,2022-09-26,0.0,-178.63444828288857,-0.2953104189392206,-0.0,486040.535368387,5486040.535368387
TECHM.NS/LTTS.NS,IT,2022-09-27,0.0,-197.14996740649667,-0.7048018764564914,-0.0,486040.535368387,5486040.535368387
TECHM.NS/LTTS.NS,IT,2022-09-28,0.0,-193.77164202276936,-0.6022336443470666,0.0,486040.535368387,5486040.535368387
TECHM.NS/LTTS.NS,IT,2022-09-29,0.0,-216.11070657813184,-1.1556550989986114,-0.0,486040.535368387,5486040.535368387
TECHM.NS/LTTS.NS,IT,2022-09-30,0.0,-237.00995909738913,-1.7144432798436835,-0.0,486040.535368387,5486040.535368387
TECHM.NS/LTTS.NS,IT,2022-10-03,0.0,-208.77703150701905,-0.9196647922008506,0.0,486040.535368387,5486040.535368387
TECHM.NS/LTTS.NS,IT,2022-10-04,0.0,-214.72912806217232,-1.0892283390508724,0.0,486040.535368387,5486040.535368387
TECHM.NS/LTTS.NS,IT,2022-10-06,1.0,-219.61044352225395,-1.227334323116762,-12500.0,473540.535368387,5473540.535368387
TECHM.NS/LTTS.NS,IT,2022-10-07,1.0,-222.27354924650558,-1.2887074405593797,-30505.19468810964,443035.3406802774,5443035.340680277
TECHM.NS/LTTS.NS,IT,2022-10-10,1.0,-223.78843492807096,-1.319147787737444,17598.07361749131,460633.4142977687,5460633.414297769
TECHM.NS/LTTS.NS,IT,2022-10-11,1.0,-229.09499451851502,-1.4665735093538386,-95553.0315116668,365080.3827861019,5365080.382786102
TECHM.NS/LTTS.NS,IT,2022-10-12,1.0,-232.25246400451147,-1.54987472851595,36043.82639939824,401124.20918550016,5401124.2091855
TECHM.NS/LTTS.NS,IT,2022-10-13,1.0,-224.93055519356267,-1.258220551418535,-50.50172686742009,401073.70745863277,5401073.707458633
TECHM.NS/LTTS.NS,IT,2022-10-14,1.0,-235.52565684116053,-1.6026085180755565,9546.258836827436,410619.9662954602,5410619.96629546
TECHM.NS/LTTS.NS,IT,2022-10-17,1.0,-222.5797111316931,-1.103148642456751,31164.377887627834,441784.344183088,5441784.344183088
TECHM.NS/LTTS.NS,IT,2022-10-18,1.0,-253.56799518471917,-2.1372418274343845,-59310.01476407345,382474.3294190145,5382474.329419015
TECHM.NS/LTTS.NS,IT,2022-10-19,1.0,-197.69774533379882,-0.09413433588998828,79193.58463584975,461667.91405486426,5461667.914054864
TECHM.NS/LTTS.NS,IT,2022-10-20,1.0,-189.24797040435715,0.23137499714519077,93349.4303103022,555017.3443651665,5555017.3443651665
TECHM.NS/LTTS.NS,IT,2022-10-21,1.0,-183.59926174419684,0.44118298064812617,6661.260820756039,561678.6051859226,5561678.605185922
TECHM.NS/LTTS.NS,IT,2022-10-24,1.0,-181.43845893886055,0.5663289855993842,27696.990371730026,589375.5955576526,5589375.595557652
TECHM.NS/LTTS.NS,IT,2022-10-25,1.0,-163.59075461094517,1.28682312974704,145726.22346089664,735101.8190185493,5735101.819018549
TECHM.NS/LTTS.NS,IT,2022-10-27,-1.0,-159.2242188143266,1.4745913766343757,-40702.35827249185,694399.4607460574,5694399.460746057
TECHM.NS/LTTS.NS,IT,2022-10-28,-1.0,-163.24567256457635,1.294860293425323,96017.09929204194,790416.5600380994,5790416.560038099
TECHM.NS/LTTS.NS,IT,2022-10-31,-1.0,-177.39770357682005,0.7397641356120627,-28289.029388371073,762127.5306497284,5762127.530649728
TECHM.NS/LTTS.NS,IT,2022-11-01,-1.0,-192.08742899771778,0.17430842896396137,-3842.0239303702106,758285.5067193581,5758285.506719358
TECHM.NS/LTTS.NS,IT,2022-11-02,-1.0,-185.6585504601003,0.44710406305179795,-47084.79819260777,711200.7085267503,5711200.70852675
TECHM.NS/LTTS.NS,IT,2022-11-03,-1.0,-213.21401862508606,-0.6218160584770122,137735.72938618102,848936.4379129313,5848936.437912932
TECHM.NS/LTTS.NS,IT,2022-11-04,-1.0,-213.43726742981244,-0.6111044562590534,-2467.402718575568,846469.0351943558,5846469.035194356
TECHM.NS/LTTS.NS,IT,2022-11-07,-1.0,-218.14790729032825,-0.7785754227631183,7322.271684365162,853791.3068787209,5853791.306878721
TECHM.NS/LTTS.NS,IT,2022-11-09,-1.0,-217.64182043126493,-0.7400593230163232,23419.794178578464,877211.1010572993,5877211.101057299
TECHM.NS/LTTS.NS,IT,2022-11-10,-1.0,-234.30459915674578,-1.3468506694896774,51268.12546731972,928479.226524619,5928479.226524619
TECHM.NS/LTTS.NS,IT,2022-11-11,-1.0,-221.1008362392713,-0.822885379911607,-155148.37683547303,773330.849689146,5773330.8496891465
TECHM.NS/LTTS.NS,IT,2022-11-14,-1.0,-239.26088862668007,-1.4719140585383033,2494.5879549132487,775825.4376440593,5775825.437644059
TECHM.NS/LTTS.NS,IT,2022-11-15,-1.0,-230.13363647428696,-1.1273543536394726,-18142.058032372166,757683.3796116872,5757683.379611687
TECHM.NS/LTTS.NS,IT,2022-11-16,-1.0,-233.41093007612676,-1.2709394303543136,4897.047259667181,762580.4268713543,5762580.426871355
TECHM.NS/LTTS.NS,IT,2022-11-17,-1.0,-233.26870366912271,-1.242000655844901,28486.024323166643,791066.451194521,5791066.451194521
TECHM.NS/LTTS.NS,IT,2022-11-18,-1.0,-246.49493837780278,-1.672341206510998,10422.788749064144,801489.2399435851,5801489.239943585
TECHM.NS/LTTS.NS,IT,2022-11-21,-1.0,-264.2285745560989,-2.194222448363996,88102.68063968375,889591.9205832689,5889591.920583269
TECHM.NS/LTTS.NS,IT,2022-11-22,0.0,-271.6417127758948,-2.3077352294910476,-31085.7871511615,858506.1334321074,5858506.133432107
TECHM.NS/LTTS.NS,IT,2022-11-23,0.0,-267.1599388709485,-2.0410217543901252,-0.0,858506.1334321074,5858506.133432107
TECHM.NS/LTTS.NS,IT,2022-11-24,0.0,-265.91539237266966,-1.9014151242221076,0.0,858506.1334321074,5858506.133432107
TECHM.NS/LTTS.NS,IT,2022-11-25,0.0,-254.82037273462402,-1.4984200687429594,0.0,858506.1334321074,5858506.133432107
TECHM.NS/LTTS.NS,IT,2022-11-28,0.0,-250.00240743852487,-1.313297021628972,-0.0,858506.1334321074,5858506.133432107
TECHM.NS/LTTS.NS,IT,2022-11-29,0.0,-247.44953048687694,-1.200755255186863,-0.0,858506.1334321074,5858506.133432107
TECHM.NS/LTTS.NS,IT,2022-11-30,0.0,-235.42565460615265,-0.8221213537993627,0.0,858506.1334321074,5858506.133432107
TECHM.NS/LTTS.NS,IT,2022-12-01,0.0,-321.4664840969349,-3.0557683218050564,-0.0,858506.1334321074,5858506.133432107
TECHM.NS/LTTS.NS,IT,2022-12-02,0.0,-349.5786247569729,-3.371389158061992,0.0,858506.1334321074,5858506.133432107
TECHM.NS/LTTS.NS,IT,2022-12-05,0.0,-350.9045484483563,-3.0627301052118328,-0.0,858506.1334321074,5858506.133432107
TECHM.NS/LTTS.NS,IT,2022-12-06,0.0,-350.9917304072942,-2.8095786856843605,-0.0,858506.1334321074,5858506.133432107
TECHM.NS/LTTS.NS,IT,2022-12-07,0.0,-340.132329211488,-2.40657631596034,-0.0,858506.1334321074,5858506.133432107
TECHM.NS/LTTS.NS,IT,2022-12-08,0.0,-329.1252148373144,-2.065623712709145,0.0,858506.1334321074,5858506.133432107
TECHM.NS/LTTS.NS,IT,2022-12-09,0.0,-324.3872855318182,-1.876810107393916,-0.0,858506.1334321074,5858506.133432107
TECHM.NS/LTTS.NS,IT,2022-12-12,0.0,-296.8938964150575,-1.3095815879484916,0.0,858506.1334321074,5858506.133432107
TECHM.NS/LTTS.NS,IT,2022-12-13,0.0,-291.39123657252594,-1.1653512197938163,0.0,858506.1334321074,5858506.133432107
TECHM.NS/LTTS.NS,IT,2022-12-14,0.0,-313.1447202121078,-1.5136419828259484,0.0,858506.1334321074,5858506.133432107
TECHM.NS/LTTS.NS,IT,2022-12-15,0.0,-355.2641133990576,-2.195220481424838,-0.0,858506.1334321074,5858506.133432107
TECHM.NS/LTTS.NS,IT,2022-12-16,0.0,-338.0069971889934,-1.8161971883817791,0.0,858506.1334321074,5858506.133432107
TECHM.NS/LTTS.NS,IT,2022-12-19,0.0,-334.88972927635746,-1.6989076811218031,0.0,858506.1334321074,5858506.133432107
TECHM.NS/LTTS.NS,IT,2022-12-20,0.0,-330.4740964606335,-1.5596469136529685,-0.0,858506.1334321074,5858506.133432107
TECHM.NS/LTTS.NS,IT,2022-12-21,0.0,-325.1676057085565,-1.4147509832762035,0.0,858506.1334321074,5858506.133432107
TECHM.NS/LTTS.NS,IT,2022-12-22,0.0,-332.46544086925906,-1.4909175752297645,-0.0,858506.1334321074,5858506.133432107
TECHM.NS/LTTS.NS,IT,2022-12-23,0.0,-272.53901915799156,-0.39487005218327126,0.0,858506.1334321074,5858506.133432107
TECHM.NS/LTTS.NS,IT,2022-12-26,0.0,-275.9228705739149,-0.43454789855890935,0.0,858506.1334321074,5858506.133432107
TECHM.NS/LTTS.NS,IT,2022-12-27,0.0,-282.12583074913255,-0.5281293475005391,0.0,858506.1334321074,5858506.133432107
TECHM.NS/LTTS.NS,IT,2022-12-28,0.0,-253.5405964451022,-0.0020208722698366903,0.0,858506.1334321074,5858506.133432107
TECHM.NS/LTTS.NS,IT,2022-12-29,0.0,-243.52841918686522,0.1922377878536138,0.0,858506.1334321074,5858506.133432107
TECHM.NS/LTTS.NS,IT,2022-12-30,0.0,-248.2340123718975,0.11667866202920384,0.0,858506.1334321074,5858506.133432107
TECHM.NS/LTTS.NS,IT,2023-01-02,0.0,-266.85340009465654,-0.21251378863116607,-0.0,858506.1334321074,5858506.133432107
TECHM.NS/LTTS.NS,IT,2023-01-03,0.0,-249.0664495854619,0.1248588329489543,0.0,858506.1334321074,5858506.133432107
TECHM.NS/LTTS.NS,IT,2023-01-04,0.0,-255.19298703936806,0.021046007056406572,-0.0,858506.1334321074,5858506.133432107
TECHM.NS/LTTS.NS,IT,2023-01-05,0.0,-239.32615432123612,0.31969481320854504,-0.0,858506.1334321074,5858506.133432107
TECHM.NS/LTTS.NS,IT,2023-01-06,0.0,-256.6878327729996,0.004004969943445713,-0.0,858506.1334321074,5858506.133432107
TECHM.NS/LTTS.NS,IT,2023-01-09,0.0,-245.3484806402064,0.22245506168532544,0.0,858506.1334321074,5858506.133432107
TECHM.NS/LTTS.NS,IT,2023-01-10,0.0,-246.54228905384048,0.20377883428694676,-0.0,858506.1334321074,5858506.133432107
TECHM.NS/LTTS.NS,IT,2023-01-11,0.0,-239.80027092401292,0.33628874662434294,0.0,858506.1334321074,5858506.133432107
TECHM.NS/LTTS.NS,IT,2023-01-12,0.0,-248.6921353672244,0.16780199144178579,-0.0,858506.1334321074,5858506.133432107
TECHM.NS/LTTS.NS,IT,2023-01-13,0.0,-186.61208991157014,1.323838818067918,0.0,858506.1334321074,5858506.133432107
TECHM.NS/LTTS.NS,IT,2023-01-16,-1.0,-153.28080242603528,1.9011100428627912,-12500.0,846006.1334321074,5846006.133432107
TECHM.NS/LTTS.NS,IT,2023-01-17,-1.0,-136.2831702636538,2.1434566744971053,-66275.2935389984,779730.8398931089,5779730.839893109
TECHM.NS/LTTS.NS,IT,2023-01-18,-1.0,-137.17788715443544,2.0669254709066984,-6481.507810848954,773249.3320822599,5773249.33208226
TECHM.NS/LTTS.NS,IT,2023-01-19,-1.0,-125.917415004639,2.205911300575333,-34116.04817146716,739133.2839107928,5739133.283910792
TECHM.NS/LTTS.NS,IT,2023-01-20,-1.0,-79.92982831542236,2.825010102142522,-47902.24856550189,691231.0353452909,5691231.035345291
TECHM.NS/LTTS.NS,IT,2023-01-23,-1.0,-92.0440401201688,2.509755559793082,-43120.795483331494,648110.2398619594,5648110.23986196
TECHM.NS/LTTS.NS,IT,2023-01-24,-1.0,-119.54664110896715,2.0141536867675325,25874.77977422225,673985.0196361816,5673985.019636182
TECHM.NS/LTTS.NS,IT,2023-01-25,-1.0,-100.39833920784395,2.2017683379689696,35164.6642337965,709149.6838699782,5709149.683869978
TECHM.NS/LTTS.NS,IT,2023-01-27,-1.0,-115.04042829394848,1.9197372332703218,93700.41614643748,802850.1000164157,5802850.100016416
TECHM.NS/LTTS.NS,IT,2023-01-30,-1.0,-111.53723882547774,1.8891549339845695,-26219.457463776165,776630.6425526396,5776630.642552639
TECHM.NS/LTTS.NS,IT,2023-01-31,-1.0,-140.80608367487048,1.4398440642961279,118499.9544195238,895130.5969721634,5895130.596972164
TECHM.NS/LTTS.NS,IT,2023-02-01,-1.0,-132.12423449530502,1.5106937336674373,-44525.21633684563,850605.3806353178,5850605.380635317
TECHM.NS/LTTS.NS,IT,2023-02-02,-1.0,-172.05225051174716,0.9555953965013491,87481.81538553494,938087.1960208527,5938087.196020853
TECHM.NS/LTTS.NS,IT,2023-02-03,-1.0,-178.8072201949351,0.8475724538513495,29356.718853906663,967443.9148747593,5967443.9148747595
TECHM.NS/LTTS.NS,IT,2023-02-06,-1.0,-187.9861955899844,0.71539229422529,35327.89724930195,1002771.8121240612,6002771.812124061
TECHM.NS/LTTS.NS,IT,2023-02-07,-1.0,-186.49964143798888,0.7202098451391012,8273.46848259966,1011045.2806066609,6011045.280606661
TECHM.NS/LTTS.NS,IT,2023-02-08,-1.0,-209.3348000059616,0.41367477508030825,3401.5627084630055,1014446.8433151239,6014446.843315124
TECHM.NS/LTTS.NS,IT,2023-02-09,-1.0,-229.36491050898667,0.14871640593898613,11607.835319776459,1026054.6786349004,6026054.678634901
TECHM.NS/LTTS.NS,IT,2023-02-10,-1.0,-225.07062937740693,0.20346372301731494,-11116.336323386362,1014938.342311514,6014938.342311514
TECHM.NS/LTTS.NS,IT,2023-02-13,-1.0,-228.79526624154778,0.15047287874263737,59255.84641480014,1074194.188726314,6074194.188726314
TECHM.NS/LTTS.NS,IT,2023-02-14,-1.0,-228.01439517537165,0.15291015369756422,-36367.96563889078,1037826.2230874234,6037826.2230874235
TECHM.NS/LTTS.NS,IT,2023-02-15,-1.0,-179.9628682014402,0.763616916574507,-286410.48904977913,751415.7340376442,5751415.734037644
TECHM.NS/LTTS.NS,IT,2023-02-16,-1.0,-170.085115615723,0.8675537882770746,-213320.99333915915,538094.740698485,5538094.740698485
TECHM.NS/LTTS.NS,IT,2023-02-17,-1.0,-151.32520122981805,1.0781966047108316,-22794.862660251812,515299.87803823326,5515299.878038233
TECHM.NS/LTTS.NS,IT,2023-02-20,-1.0,-154.3754941800198,1.0086388593700033,-43205.77155713779,472094.1064810955,5472094.106481096
TECHM.NS/LTTS.NS,IT,2023-02-21,-1.0,-165.38399249765098,0.8442053908841171,45881.849592540704,517975.9560736362,5517975.956073636
TECHM.NS/LTTS.NS,IT,2023-02-22,-1.0,-159.8901255930714,0.8899272833175684,20060.58524250033,538036.5413161365,5538036.541316137
TECHM.NS/LTTS.NS,IT,2023-02-23,-1.0,-155.5256497960777,0.9216328538110665,-16039.69953148433,521996.84178465215,5521996.841784652
TECHM.NS/LTTS.NS,IT,2023-02-24,-1.0,-164.7968469777377,0.7771130616367032,44203.21369665284,566200.055481305,5566200.055481305
TECHM.NS/LTTS.NS,IT,2023-02-27,-1.0,-151.99821869153948,0.9106980654896775,-1839.217914667568,564360.8375666374,5564360.837566637
TECHM.NS/LTTS.NS,IT,2023-02-28,-1.0,-174.09713469025678,0.6008473715775965,75716.66756464011,640077.5051312775,5640077.505131277
TECHM.NS/LTTS.NS,IT,2023-03-01,-1.0,-170.38943279644127,0.6241448549240789,-92730.50278276813,547347.0023485094,5547347.00234851
TECHM.NS/LTTS.NS,IT,2023-03-02,-1.0,-169.8775048110017,0.6055187516637424,53935.42911702529,601282.4314655347,5601282.4314655345
TECHM.NS/LTTS.NS,IT,2023-03-03,-1.0,-209.36546041475367,0.03678317801365098,135945.7521364916,737228.1836020263,5737228.183602027
TECHM.NS/LTTS.NS,IT,2023-03-06,-1.0,-192.0700273518496,0.25393306105626395,-40621.39056905209,696606.7930329742,5696606.793032974
TECHM.NS/LTTS.NS,IT,2023-03-08,-1.0,-190.66414433517457,0.2519799985082211,37192.74460896098,733799.5376419352,5733799.537641935
TECHM.NS/LTTS.NS,IT,2023-03-09,-1.0,-218.3825930091673,-0.17046972294990087,101174.81413595888,834974.3517778941,5834974.351777894
TECHM.NS/LTTS.NS,IT,2023-03-10,-1.0,-202.04882113763256,0.04348731643602566,-27365.779300563605,807608.5724773305,5807608.57247733
TECHM.NS/LTTS.NS,IT,2023-03-13,-1.0,-133.03033223483226,1.0629760837936455,-348313.5081457524,459295.06433157803,5459295.064331578
TECHM.NS/LTTS.NS,IT,2023-03-14,-1.0,-131.4336675182226,1.066626561163647,55704.95236711341,515000.0166986914,5515000.016698691
TECHM.NS/LTTS.NS,IT,2023-03-15,-1.0,-115.02518056912959,1.3085098432417683,-21052.7307902355,493947.2859084559,5493947.285908456
TECHM.NS/LTTS.NS,IT,2023-03-16,-1.0,-95.13715553152133,1.609263900238515,-40068.15904486713,453879.12686358875,5453879.126863589
TECHM.NS/LTTS.NS,IT,2023-03-17,-1.0,-114.35460148355901,1.2657421729478273,-594.7394313216611,453284.3874322671,5453284.387432267
TECHM.NS/LTTS.NS,IT,2023-03-20,-1.0,-117.36997899555877,1.2053478417786838,61283.20653603742,514567.5939683045,5514567.593968305
TECHM.NS/LTTS.NS,IT,2023-03-21,-1.0,-97.58352147748292,1.519842870196106,13226.089173863304,527793.6831421679,5527793.6831421675
TECHM.NS/LTTS.NS,IT,2023-03-22,-1.0,-89.29089096162329,1.6220869650856475,-25331.962183777767,502461.7209583901,5502461.72095839
TECHM.NS/LTTS.NS,IT,2023-03-23,-1.0,-73.57580878614681,1.8538349111130266,-23638.136231714423,478823.58472667565,5478823.584726675
TECHM.NS/LTTS.NS,IT,2023-03-24,-1.0,-79.04394778957908,1.6885758240032218,609.1907689699809,479432.77549564565,5479432.775495646
TECHM.NS/LTTS.NS,IT,2023-03-27,-1.0,-75.15700231696724,1.6922492458057465,-9332.013385184504,470100.76211046113,5470100.7621104615
TECHM.NS/LTTS.NS,IT,2023-03-28,-1.0,-83.5528839567969,1.48808899710274,116190.48559900933,586291.2477094705,5586291.247709471
TECHM.NS/LTTS.NS,IT,2023-03-29,-1.0,-88.75692516501454,1.3584728243154023,-27041.973769824417,559249.2739396461,5559249.273939646
TECHM.NS/LTTS.NS,IT,2023-03-31,-1.0,-76.96027676405038,1.5271223862427676,-85609.58840349903,473639.68553614704,5473639.685536147
TECHM.NS/LTTS.NS,IT,2023-04-03,-1.0,-93.48455860453305,1.1892163582207422,21338.59154480344,494978.2770809505,5494978.27708095
TECHM.NS/LTTS.NS,IT,2023-04-05,-1.0,-161.12783367676047,-0.11187493804700543,102132.96629944685,597111.2433803973,5597111.243380398
TECHM.NS/LTTS.NS,IT,2023-04-06,-1.0,-153.42591623517774,0.0033178473437556065,23977.346076246973,621088.5894566443,5621088.589456644
TECHM.NS/LTTS.NS,IT,2023-04-10,-1.0,-139.35291426556364,0.25559969473529465,-68075.13914660124,553013.4503100431,5553013.450310043
TECHM.NS/LTTS.NS,IT,2023-04-11,-1.0,-131.5960831581849,0.38760448015455634,17688.972176245883,570702.4224862889,5570702.4224862885
TECHM.NS/LTTS.NS,IT,2023-04-12,-1.0,-129.51140148796912,0.4051057586138356,-40822.50559526792,529879.9168910211,5529879.916891021
TECHM.NS/LTTS.NS,IT,2023-04-13,-1.0,-137.5846453366903,0.19677544120454243,85637.76034205349,615517.6772330746,5615517.677233075
TECHM.NS/LTTS.NS,IT,2023-04-17,-1.0,-157.748594731004,-0.2754897433487003,216679.64381433217,832197.3210474068,5832197.321047407
TECHM.NS/LTTS.NS,IT,2023-04-18,-1.0,-167.51790607623616,-0.4932405742677504,31521.413608698702,863718.7346561055,5863718.734656106
TECHM.NS/LTTS.NS,IT,2023-04-19,-1.0,-172.79251192790616,-0.5984811723268193,47878.11114525446,911596.84580136,5911596.84580136
TECHM.NS/LTTS.NS,IT,2023-04-20,-1.0,-142.17186495502233,0.10271196042102594,-74926.6364999457,836670.2093014143,5836670.209301414
TECHM.NS/LTTS.NS,IT,2023-04-21,-1.0,-171.14153838226116,-0.5415107841709652,126015.89225861774,962686.101560032,5962686.101560032
TECHM.NS/LTTS.NS,IT,2023-04-24,-1.0,-179.67702220849174,-0.7100589400496871,-13505.437445694592,949180.6641143374,5949180.664114337
TECHM.NS/LTTS.NS,IT,2023-04-25,-1.0,-184.88765769780412,-0.802874985530145,40840.88235574244,990021.5464700798,5990021.54647008
TECHM.NS/LTTS.NS,IT,2023-04-26,-1.0,-192.1365658980601,-0.9414909582419787,13637.34528042087,1003658.8917505007,6003658.891750501
TECHM.NS/LTTS.NS,IT,2023-04-27,-1.0,-274.8405361076002,-2.6623141924766,100479.31687290376,1104138.2086234044,6104138.208623405
TECHM.NS/LTTS.NS,IT,2023-04-28,-1.0,-270.41122651378987,-2.395562869065135,-83018.3256303109,1021119.8829930935,6021119.882993094
TECHM.NS/LTTS.NS,IT,2023-05-02,0.0,-253.49285197489462,-1.937436764447768,-144606.80507175953,876513.077921334,5876513.077921334
TECHM.NS/LTTS.NS,IT,2023-05-03,0.0,-240.1994874168413,-1.59461436252204,-0.0,876513.077921334,5876513.077921334
TECHM.NS/LTTS.NS,IT,2023-05-04,0.0,-235.46979324879158,-1.4419875161364377,0.0,876513.077921334,5876513.077921334
TECHM.NS/LTTS.NS,IT,2023-05-05,0.0,-228.31985268244762,-1.2634766908513544,-0.0,876513.077921334,5876513.077921334
TECHM.NS/LTTS.NS,IT,2023-05-08,0.0,-241.08692971179767,-1.4670501138774648,0.0,876513.077921334,5876513.077921334
TECHM.NS/LTTS.NS,IT,2023-05-09,0.0,-245.3224527241889,-1.5027961169055473,0.0,876513.077921334,5876513.077921334
TECHM.NS/LTTS.NS,IT,2023-05-10,0.0,-269.18561282477276,-1.8721269369897542,-0.0,876513.077921334,5876513.077921334
TECHM.NS/LTTS.NS,IT,2023-05-11,0.0,-272.3020775260434,-1.861774873476761,-0.0,876513.077921334,5876513.077921334
TECHM.NS/LTTS.NS,IT,2023-05-12,0.0,-261.9590924418494,-1.6443201028662673,0.0,876513.077921334,5876513.077921334
TECHM.NS/LTTS.NS,IT,2023-05-15,0.0,-259.2691983131051,-1.5661021230870966,0.0,876513.077921334,5876513.077921334
TECHM.NS/LTTS.NS,IT,2023-05-16,0.0,-263.35184985841283,-1.6056183350036117,-0.0,876513.077921334,5876513.077921334
TECHM.NS/LTTS.NS,IT,2023-05-17,0.0,-259.35702639527017,-1.5104670795960742,-0.0,876513.077921334,5876513.077921334
TECHM.NS/LTTS.NS,IT,2023-05-18,0.0,-269.8109747885653,-1.6250449662892386,-0.0,876513.077921334,5876513.077921334
TECHM.NS/LTTS.NS,IT,2023-05-19,0.0,-246.7688752898771,-1.205004043516759,0.0,876513.077921334,5876513.077921334
TECHM.NS/LTTS.NS,IT,2023-05-22,0.0,-246.574413836046,-1.1632567637414184,0.0,876513.077921334,5876513.077921334
TECHM.NS/LTTS.NS,IT,2023-05-23,0.0,-249.37409367028613,-1.1701233375562854,-0.0,876513.077921334,5876513.077921334
TECHM.NS/LTTS.NS,IT,2023-05-24,1.0,-209.04909093789206,-0.5090425569268423,-12500.0,864013.077921334,5864013.077921334
TECHM.NS/LTTS.NS,IT,2023-05-25,1.0,-212.50252236991128,-0.5493273697084908,-6928.5096411619215,857084.5682801721,5857084.568280172
TECHM.NS/LTTS.NS,IT,2023-05-26,1.0,-221.6979705295896,-0.6770249126591176,42773.893798929,899858.462079101,5899858.462079101
TECHM.NS/LTTS.NS,IT,2023-05-29,1.0,-218.74074990928625,-0.6137183601829209,1692.2752725699884,901550.737351671,5901550.737351671
TECHM.NS/LTTS.NS,IT,2023-05-30,1.0,-234.55478363747693,-0.8399860783254466,-72821.47464586388,828729.2627058071,5828729.262705807
TECHM.NS/LTTS.NS,IT,2023-05-31,1.0,-228.72365359654827,-0.7297997763460538,65349.71462814331,894078.9773339505,5894078.977333951
TECHM.NS/LTTS.NS,IT,2023-06-01,1.0,-222.51112329647412,-0.6161829832253353,25605.96034064732,919684.9376745978,5919684.937674598
TECHM.NS/LTTS.NS,IT,2023-06-02,1.0,-232.2519615502424,-0.7497686232786235,-5567.148814763277,914117.7888598345,5914117.788859835
TECHM.NS/LTTS.NS,IT,2023-06-05,1.0,-241.36018948490778,-0.8793781897954616,-57076.327092403495,857041.461767431,5857041.461767431
TECHM.NS/LTTS.NS,IT,2023-06-06,1.0,-235.72397247175718,-0.7762209336603526,-69224.75580573673,787816.7059616942,5787816.705961694
TECHM.NS/LTTS.NS,IT,2023-06-07,1.0,-236.15713104960764,-0.7672976928587686,31465.07252074092,819281.7784824352,5819281.778482435
TECHM.NS/LTTS.NS,IT,2023-06-08,1.0,-244.94522415551796,-0.8917521014867618,-93901.75642733593,725380.0220550993,5725380.022055099
TECHM.NS/LTTS.NS,IT,2023-06-09,1.0,-245.82158270048944,-0.8883216748407454,-29679.916990538874,695700.1050645604,5695700.105064561
TECHM.NS/LTTS.NS,IT,2023-06-12,1.0,-261.0099678718441,-1.082929509278589,19860.03604931306,715560.1411138735,5715560.141113874
TECHM.NS/LTTS.NS,IT,2023-06-13,1.0,-276.72742547565304,-1.2754245129962816,-5079.490334193724,710480.6507796798,5710480.650779679
TECHM.NS/LTTS.NS,IT,2023-06-14,1.0,-254.1012805271339,-0.9035248531558916,23739.57155909411,734220.2223387739,5734220.222338774
TECHM.NS/LTTS.NS,IT,2023-06-15,0.0,-238.11638313163417,-0.6355873710590435,22503.84908559276,756724.0714243667,5756724.071424367
TECHM.NS/LTTS.NS,IT,2023-06-16,0.0,-255.12888443312113,-0.8680169845736336,-0.0,756724.0714243667,5756724.071424367
TECHM.NS/LTTS.NS,IT,2023-06-19,0.0,-249.16694750744819,-0.748293520930549,0.0,756724.0714243667,5756724.071424367
TECHM.NS/LTTS.NS,IT,2023-06-20,0.0,-257.0009183724319,-0.8437212251831684,0.0,756724.0714243667,5756724.071424367
TECHM.NS/LTTS.NS,IT,2023-06-21,0.0,-254.05406725589705,-0.7717043795410301,0.0,756724.0714243667,5756724.071424367
TECHM.NS/LTTS.NS,IT,2023-06-22,0.0,-250.94873583773256,-0.6989993795553354,0.0,756724.0714243667,5756724.071424367
TECHM.NS/LTTS.NS,IT,2023-06-23,0.0,-201.93235352861052,0.17492897729652881,0.0,756724.0714243667,5756724.071424367
TECHM.NS/LTTS.NS,IT,2023-06-26,0.0,-203.69355285166353,0.19157721400773417,-0.0,756724.0714243667,5756724.071424367
TECHM.NS/LTTS.NS,IT,2023-06-27,0.0,-208.249965471653,0.15327942727485935,0.0,756724.0714243667,5756724.071424367
TECHM.NS/LTTS.NS,IT,2023-06-28,0.0,-217.77648726639518,0.00820969741202839,-0.0,756724.0714243667,5756724.071424367
TECHM.NS/LTTS.NS,IT,2023-06-30,0.0,-225.47439056381359,-0.1094697619520525,0.0,756724.0714243667,5756724.071424367
TECHM.NS/LTTS.NS,IT,2023-07-03,0.0,-221.33952320397339,0.03516086563022509,-0.0,756724.0714243667,5756724.071424367
TECHM.NS/LTTS.NS,IT,2023-07-04,0.0,-214.61085669031718,0.22613104471689285,0.0,756724.0714243667,5756724.071424367
TECHM.NS/LTTS.NS,IT,2023-07-05,0.0,-208.07564969776217,0.42278671596107054,0.0,756724.0714243667,5756724.071424367
TECHM.NS/LTTS.NS,IT,2023-07-06,0.0,-202.6266345089557,0.6132332412883282,0.0,756724.0714243667,5756724.071424367
TECHM.NS/LTTS.NS,IT,2023-07-07,0.0,-214.6419247960605,0.34894018443199326,-0.0,756724.0714243667,5756724.071424367
TECHM.NS/LTTS.NS,IT,2023-07-10,0.0,-214.7897972399487,0.4120688268273609,-0.0,756724.0714243667,5756724.071424367
TECHM.NS/LTTS.NS,IT,2023-07-11,0.0,-195.23244426430801,1.0942975643947237,0.0,756724.0714243667,5756724.071424367
TECHM.NS/LTTS.NS,IT,2023-07-12,-1.0,-182.58216589212657,1.5531139905436355,-12500.0,744224.0714243667,5744224.071424367
TECHM.NS/LTTS.NS,IT,2023-07-13,-1.0,-179.12688002397522,1.693615045996341,-54012.218535851396,690211.8528885152,5690211.852888515
TECHM.NS/LTTS.NS,IT,2023-07-14,-1.0,-197.89241646549135,1.1065478804208988,-138615.1542244653,551596.6986640499,5551596.69866405
TECHM.NS/LTTS.NS,IT,2023-07-17,-1.0,-186.41388190078828,1.6182906431238384,-55016.325145891926,496580.3735181579,5496580.373518158
TECHM.NS/LTTS.NS,IT,2023-07-18,-1.0,-172.51482030955822,2.1256189178896814,-32548.730588214723,464031.6429299432,5464031.642929943
TECHM.NS/LTTS.NS,IT,2023-07-19,-1.0,-198.7003182018534,1.2101839417979092,41636.41547042515,505668.0584003684,5505668.058400368
TECHM.NS/LTTS.NS,IT,2023-07-20,-1.0,-174.9128492306686,2.057428141783525,-53780.55992169532,451887.49847867305,5451887.498478673
TECHM.NS/LTTS.NS,IT,2023-07-21,-1.0,-183.21089616310314,1.7342776158909745,86456.79490052446,538344.2933791975,5538344.293379198
TECHM.NS/LTTS.NS,IT,2023-07-24,-1.0,-198.32024254276234,1.153840742996308,119555.16014027972,657899.4535194772,5657899.4535194775
TECHM.NS/LTTS.NS,IT,2023-07-25,-1.0,-197.02581322280048,1.1650202300003885,14991.666909631467,672891.1204291086,5672891.120429109
TECHM.NS/LTTS.NS,IT,2023-07-26,-1.0,-196.14698684959603,1.1570387939559108,40494.916070175845,713386.0364992844,5713386.036499284
TECHM.NS/LTTS.NS,IT,2023-07-27,-1.0,-237.55426115726232,-0.36165856731371526,191918.10965583232,905304.1461551167,5905304.146155117
TECHM.NS/LTTS.NS,IT,2023-07-28,-1.0,-269.9233247162708,-1.4983674253359598,72284.01288174889,977588.1590368656,5977588.159036865
TECHM.NS/LTTS.NS,IT,2023-07-31,-1.0,-253.9733464759454,-0.9029245535576131,-103836.48117385469,873751.6778630109,5873751.677863011
TECHM.NS/LTTS.NS,IT,2023-08-01,-1.0,-268.8317922318395,-1.3954150210018654,-73506.42487444695,800245.252988564,5800245.252988564
TECHM.NS/LTTS.NS,IT,2023-08-02,-1.0,-254.93443647325353,-0.8972797401468601,-24294.448158095434,775950.8048304685,5775950.804830468
TECHM.NS/LTTS.NS,IT,2023-08-03,-1.0,-281.76893840480625,-1.8080297761505173,42954.880295433,818905.6851259015,5818905.685125901
TECHM.NS/LTTS.NS,IT,2023-08-04,-1.0,-255.8922167924502,-0.9328613670197157,-137221.03588982407,681684.6492360774,5681684.649236077
TECHM.NS/LTTS.NS,IT,2023-08-07,-1.0,-255.90265067259975,-0.9402856474005381,-26439.978472251187,655244.6707638262,5655244.670763826
TECHM.NS/LTTS.NS,IT,2023-08-08,-1.0,-247.67399004819595,-0.6618193410892081,-77653.55380664192,577591.1169571843,5577591.116957184
TECHM.NS/LTTS.NS,IT,2023-08-09,-1.0,-230.2931544909552,-0.06766851272276656,-89821.7950281309,487769.3219290534,5487769.321929053
TECHM.NS/LTTS.NS,IT,2023-08-10,-1.0,-208.78673175774702,0.676899172041711,-49205.21049213136,438564.11143692204,5438564.111436922
TECHM.NS/LTTS.NS,IT,2023-08-11,-1.0,-225.9970970699901,0.030670572206343855,66041.2393426289,504605.35077955096,5504605.350779551
TECHM.NS/LTTS.NS,IT,2023-08-14,-1.0,-226.38381954635383,0.003956108586216929,2560.525349163707,507165.87612871465,5507165.8761287145
TECHM.NS/LTTS.NS,IT,2023-08-16,-1.0,-229.1699086351382,-0.11028349668295503,-20768.52043213187,486397.35569658276,5486397.355696583
TECHM.NS/LTTS.NS,IT,2023-08-17,-1.0,-232.00702325966427,-0.22777138682119524,-8124.611898673973,478272.74379790877,5478272.743797909
TECHM.NS/LTTS.NS,IT,2023-08-18,-1.0,-240.7181702798348,-0.5340650581140486,72491.1628912175,550763.9066891263,5550763.906689126
TECHM.NS/LTTS.NS,IT,2023-08-21,0.0,-256.88857656249456,-1.1020922518277714,-17133.000587401875,533630.9061017244,5533630.906101724
TECHM.NS/LTTS.NS,IT,2023-08-22,0.0,-265.3477680577464,-1.366843641317765,-0.0,533630.9061017244,5533630.906101724
TECHM.NS/LTTS.NS,IT,2023-08-23,0.0,-280.4733345380498,-1.8282250189780556,-0.0,533630.9061017244,5533630.906101724
TECHM.NS/LTTS.NS,IT,2023-08-24,0.0,-290.8354156754783,-2.0809688140886577,-0.0,533630.9061017244,5533630.906101724
TECHM.NS/LTTS.NS,IT,2023-08-25,0.0,-283.05509204188274,-1.7374515261405756,-0.0,533630.9061017244,5533630.906101724
TECHM.NS/LTTS.NS,IT,2023-08-28,0.0,-291.9219264852925,-1.9298998936239489,-0.0,533630.9061017244,5533630.906101724
TECHM.NS/LTTS.NS,IT,2023-08-29,0.0,-277.35111184646667,-1.4120340465671504,0.0,533630.9061017244,5533630.906101724
TECHM.NS/LTTS.NS,IT,2023-08-30,0.0,-289.52908030294816,-1.7266545479610969,-0.0,533630.9061017244,5533630.906101724
TECHM.NS/LTTS.NS,IT,2023-08-31,0.0,-291.0398538812699,-1.7008124419712092,0.0,533630.9061017244,5533630.906101724
TECHM.NS/LTTS.NS,IT,2023-09-01,0.0,-281.86773168819104,-1.3792933550035502,0.0,533630.9061017244,5533630.906101724
TECHM.NS/LTTS.NS,IT,2023-09-04,0.0,-277.9155134733621,-1.2308212013915178,0.0,533630.9061017244,5533630.906101724
TECHM.NS/LTTS.NS,IT,2023-09-05,0.0,-305.5112941852035,-1.9419531968171,-0.0,533630.9061017244,5533630.906101724
TECHM.NS/LTTS.NS,IT,2023-09-06,0.0,-313.5162364800726,-2.0708957136785213,-0.0,533630.9061017244,5533630.906101724
TECHM.NS/LTTS.NS,IT,2023-09-07,0.0,-302.6883490459509,-1.7345258361647982,0.0,533630.9061017244,5533630.906101724
TECHM.NS/LTTS.NS,IT,2023-09-08,0.0,-314.1345925380747,-1.9506637568640937,-0.0,533630.9061017244,5533630.906101724
TECHM.NS/LTTS.NS,IT,2023-09-11,0.0,-309.02158836283456,-1.739935019233146,0.0,533630.9061017244,5533630.906101724
TECHM.NS/LTTS.NS,IT,2023-09-12,0.0,-309.211408488163,-1.6815226015102223,-0.0,533630.9061017244,5533630.906101724
TECHM.NS/LTTS.NS,IT,2023-09-13,0.0,-301.7986779399573,-1.4503095317072243,-0.0,533630.9061017244,5533630.906101724
TECHM.NS/LTTS.NS,IT,2023-09-14,0.0,-331.52520066836814,-2.0633062905506976,0.0,533630.9061017244,5533630.906101724
TECHM.NS/LTTS.NS,IT,2023-09-15,0.0,-302.26994904888465,-1.3403929471501532,0.0,533630.9061017244,5533630.906101724
TECHM.NS/LTTS.NS,IT,2023-09-18,0.0,-292.48396378325083,-1.0881875422053988,-0.0,533630.9061017244,5533630.906101724
TECHM.NS/LTTS.NS,IT,2023-09-20,0.0,-289.64450256889745,-0.9899280201313767,-0.0,533630.9061017244,5533630.906101724
TECHM.NS/LTTS.NS,IT,2023-09-21,0.0,-289.8678000834989,-0.9623889323887269,0.0,533630.9061017244,5533630.906101724
TECHM.NS/LTTS.NS,IT,2023-09-22,0.0,-274.5555748738211,-0.5907208813188979,0.0,533630.9061017244,5533630.906101724
TECHM.NS/LTTS.NS,IT,2023-09-25,0.0,-303.44713482018096,-1.2086515982509476,-0.0,533630.9061017244,5533630.906101724
TECHM.NS/LTTS.NS,IT,2023-09-26,0.0,-316.472480129569,-1.4468255515773791,-0.0,533630.9061017244,5533630.906101724
TECHM.NS/LTTS.NS,IT,2023-09-27,0.0,-316.6187187344683,-1.3961960221175398,0.0,533630.9061017244,5533630.906101724
TECHM.NS/LTTS.NS,IT,2023-09-28,0.0,-334.4336862129628,-1.7109121331244228,-0.0,533630.9061017244,5533630.906101724
TECHM.NS/LTTS.NS,IT,2023-09-29,0.0,-326.10317888888426,-1.4735341203730976,-0.0,533630.9061017244,5533630.906101724
TECHM.NS/LTTS.NS,IT,2023-10-03,0.0,-329.6969773455396,-1.4935560086673771,-0.0,533630.9061017244,5533630.906101724
TECHM.NS/LTTS.NS,IT,2023-10-04,0.0,-334.35126583913825,-1.5303237419274207,-0.0,533630.9061017244,5533630.906101724
TECHM.NS/LTTS.NS,IT,2023-10-05,0.0,-361.85050495547034,-1.9996959740862426,-0.0,533630.9061017244,5533630.906101724
TECHM.NS/LTTS.NS,IT,2023-10-06,0.0,-356.38051390618557,-1.8115488491875829,0.0,533630.9061017244,5533630.906101724
TECHM.NS/LTTS.NS,IT,2023-10-09,0.0,-389.21593509265904,-2.3454552228261885,-0.0,533630.9061017244,5533630.906101724
TECHM.NS/LTTS.NS,IT,2023-10-10,0.0,-386.9887191616556,-2.199646773163674,0.0,533630.9061017244,5533630.906101724
TECHM.NS/LTTS.NS,IT,2023-10-11,0.0,-374.108308674505,-1.8701876642130955,0.0,533630.9061017244,5533630.906101724
TECHM.NS/LTTS.NS,IT,2023-10-12,0.0,-395.95511020687195,-2.184301322690621,-0.0,533630.9061017244,5533630.906101724
TECHM.NS/LTTS.NS,IT,2023-10-13,0.0,-399.4865745378843,-2.166939507804716,-0.0,533630.9061017244,5533630.906101724
TECHM.NS/LTTS.NS,IT,2023-10-16,0.0,-396.953415488214,-2.028039054110696,-0.0,533630.9061017244,5533630.906101724
TECHM.NS/LTTS.NS,IT,2023-10-17,0.0,-360.89429759622726,-1.336150947339711,0.0,533630.9061017244,5533630.906101724
TECHM.NS/LTTS.NS,IT,2023-10-18,1.0,-288.62932616102626,0.06109217003449729,-12500.0,521130.90610172437,5521130.906101724
TECHM.NS/LTTS.NS,IT,2023-10-19,1.0,-306.593151555207,-0.2621624838618217,-68136.44842287576,452994.4576788486,5452994.457678849
TECHM.NS/LTTS.NS,IT,2023-10-20,1.0,-290.8610341726044,0.08868040302950667,14103.796802179166,467098.2544810278,5467098.254481028
TECHM.NS/LTTS.NS,IT,2023-10-23,1.0,-273.54074776379684,0.4931592809090257,-25926.364449715038,441171.8900313127,5441171.890031313
TECHM.NS/LTTS.NS,IT,2023-10-25,1.0,-283.9207240559042,0.2898682725465492,-56974.052962984904,384197.8370683278,5384197.837068328
TECHM.NS/LTTS.NS,IT,2023-10-26,1.0,-286.45873226144613,0.2410519051663535,-89957.07394432614,294240.7631240017,5294240.763124002
TECHM.NS/LTTS.NS,IT,2023-10-27,1.0,-298.8854369417602,-0.014891206065712844,1423.4308295896703,295664.19395359134,5295664.193953591
TECHM.NS/LTTS.NS,IT,2023-10-30,1.0,-294.29635940364483,0.09614679601092514,26845.403183399645,322509.597136991,5322509.597136991
TECHM.NS/LTTS.NS,IT,2023-10-31,1.0,-290.699991616078,0.1905320815779426,25127.61832600407,347637.21546299505,5347637.215462995
TECHM.NS/LTTS.NS,IT,2023-11-01,1.0,-291.3525304166262,0.1797119733049315,-27254.472519736344,320382.7429432587,5320382.742943259
TECHM.NS/LTTS.NS,IT,2023-11-02,1.0,-303.56104367289436,-0.07607706901372831,-7133.152660804211,313249.5902824545,5313249.590282454
TECHM.NS/LTTS.NS,IT,2023-11-03,1.0,-294.0746172148465,0.1533701397032411,70610.34843336979,383859.9387158243,5383859.938715824
TECHM.NS/LTTS.NS,IT,2023-11-06,1.0,-294.99860585771603,0.1521924027424691,28606.73941291884,412466.67812874314,5412466.678128744
TECHM.NS/LTTS.NS,IT,2023-11-07,1.0,-289.6650929237437,0.30465348733730696,28796.597668460356,441263.2757972035,5441263.275797203
TECHM.NS/LTTS.NS,IT,2023-11-08,1.0,-303.2824846627361,0.021968318741602707,-48369.81127936504,392893.46451783844,5392893.464517838
TECHM.NS/LTTS.NS,IT,2023-11-09,1.0,-309.0075691950881,-0.08771950637020477,-56697.33310860713,336196.13140923134,5336196.131409232
TECHM.NS/LTTS.NS,IT,2023-11-10,0.0,-302.8918543677953,0.10394664036288387,42186.06690186102,378382.19831109233,5378382.198311092
TECHM.NS/LTTS.NS,IT,2023-11-13,0.0,-303.6728216344968,0.12051991022305787,-0.0,378382.19831109233,5378382.198311092
TECHM.NS/LTTS.NS,IT,2023-11-15,0.0,-306.7465002238923,0.07326684103010728,0.0,378382.19831109233,5378382.198311092
TECHM.NS/LTTS.NS,IT,2023-11-16,0.0,-288.8330926624087,0.6246778644972907,0.0,378382.19831109233,5378382.198311092
TECHM.NS/LTTS.NS,IT,2023-11-17,0.0,-299.8445682143863,0.3292884440062899,-0.0,378382.19831109233,5378382.198311092
TECHM.NS/LTTS.NS,IT,2023-11-20,0.0,-315.6643142135074,-0.12134633507750756,0.0,378382.19831109233,5378382.198311092
TECHM.NS/LTTS.NS,IT,2023-11-21,0.0,-343.39212670780785,-0.9336453188124295,-0.0,378382.19831109233,5378382.198311092
TECHM.NS/LTTS.NS,IT,2023-11-22,0.0,-323.9365047420106,-0.3254601948313651,0.0,378382.19831109233,5378382.198311092
TECHM.NS/LTTS.NS,IT,2023-11-23,0.0,-316.2409202963481,-0.07412896370305161,-0.0,378382.19831109233,5378382.198311092
TECHM.NS/LTTS.NS,IT,2023-11-24,0.0,-340.6826380400844,-0.7996728618157463,-0.0,378382.19831109233,5378382.198311092
TECHM.NS/LTTS.NS,IT,2023-11-28,0.0,-343.6990207038275,-0.8626328404696116,0.0,378382.19831109233,5378382.198311092
TECHM.NS/LTTS.NS,IT,2023-11-29,0.0,-352.5533482431588,-1.0981792531298704,0.0,378382.19831109233,5378382.198311092
TECHM.NS/LTTS.NS,IT,2023-11-30,0.0,-382.76670264963036,-1.9253750514833667,-0.0,378382.19831109233,5378382.198311092
TECHM.NS/LTTS.NS,IT,2023-12-01,0.0,-393.55607474536396,-2.1268129295199234,-0.0,378382.19831109233,5378382.198311092
TECHM.NS/LTTS.NS,IT,2023-12-04,0.0,-373.4535856727932,-1.488414434453613,0.0,378382.19831109233,5378382.198311092
TECHM.NS/LTTS.NS,IT,2023-12-05,0.0,-353.4724952314816,-0.8854675420379701,0.0,378382.19831109233,5378382.198311092
TECHM.NS/LTTS.NS,IT,2023-12-06,0.0,-407.31201501425767,-2.2763201726008857,-0.0,378382.19831109233,5378382.198311092
TECHM.NS/LTTS.NS,IT,2023-12-07,0.0,-430.47188321544263,-2.6778380516457294,-0.0,378382.19831109233,5378382.198311092
TECHM.NS/LTTS.NS,IT,2023-12-08,0.0,-432.55114946886147,-2.530432264241935,0.0,378382.19831109233,5378382.198311092
TECHM.NS/LTTS.NS,IT,2023-12-11,0.0,-426.90062342274314,-2.2456372206219655,0.0,378382.19831109233,5378382.198311092
TECHM.NS/LTTS.NS,IT,2023-12-12,0.0,-434.44000855767445,-2.269205574115519,-0.0,378382.19831109233,5378382.198311092
TECHM.NS/LTTS.NS,IT,2023-12-13,0.0,-436.25592161419536,-2.1743535450261664,-0.0,378382.19831109233,5378382.198311092
TECHM.NS/LTTS.NS,IT,2023-12-14,0.0,-446.61281597729885,-2.2497697784171837,0.0,378382.19831109233,5378382.198311092
TECHM.NS/LTTS.NS,IT,2023-12-15,0.0,-460.6652331739315,-2.3696280521721795,0.0,378382.19831109233,5378382.198311092
TECHM.NS/LTTS.NS,IT,2023-12-18,0.0,-494.66987379935676,-2.781719204306287,-0.0,378382.19831109233,5378382.198311092
TECHM.NS/LTTS.NS,IT,2023-12-19,0.0,-455.5564529386829,-1.9639800151700721,0.0,378382.19831109233,5378382.198311092
TECHM.NS/LTTS.NS,IT,2023-12-20,0.0,-445.49794902469694,-1.7087878325629786,-0.0,378382.19831109233,5378382.198311092
TECHM.NS/LTTS.NS,IT,2023-12-21,0.0,-472.7835330266644,-2.0773120835664196,-0.0,378382.19831109233,5378382.198311092
TECHM.NS/LTTS.NS,IT,2023-12-22,0.0,-470.5662457035535,-1.937473461696732,0.0,378382.19831109233,5378382.198311092
TECHM.NS/LTTS.NS,IT,2023-12-26,0.0,-462.02260954852795,-1.715887619858994,0.0,378382.19831109233,5378382.198311092
TECHM.NS/LTTS.NS,IT,2023-12-27,0.0,-466.60571976686833,-1.7111360054817095,-0.0,378382.19831109233,5378382.198311092
TECHM.NS/LTTS.NS,IT,2023-12-28,0.0,-451.4401089241046,-1.4161007377743233,0.0,378382.19831109233,5378382.198311092
TECHM.NS/LTTS.NS,IT,2023-12-29,0.0,-488.8096626199324,-1.9004352494495202,-0.0,378382.19831109233,5378382.198311092
TECHM.NS/LTTS.NS,IT,2024-01-01,0.0,-452.1218912127856,-1.2968355228828259,0.0,378382.19831109233,5378382.198311092
TECHM.NS/LTTS.NS,IT,2024-01-02,0.0,-461.1900026461358,-1.380401857821423,-0.0,378382.19831109233,5378382.198311092
TECHM.NS/LTTS.NS,IT,2024-01-03,0.0,-470.7899879162833,-1.4673720816893814,-0.0,378382.19831109233,5378382.198311092
TECHM.NS/LTTS.NS,IT,2024-01-04,0.0,-503.9591176319436,-1.8551384577515277,-0.0,378382.19831109233,5378382.198311092
TECHM.NS/LTTS.NS,IT,2024-01-05,0.0,-499.473957184538,-1.7214673822615834,0.0,378382.19831109233,5378382.198311092
TECHM.NS/LTTS.NS,IT,2024-01-08,0.0,-498.6352445518903,-1.6451997288731957,-0.0,378382.19831109233,5378382.198311092
TECHM.NS/LTTS.NS,IT,2024-01-09,0.0,-520.0206674516687,-1.8423382689970063,-0.0,378382.19831109233,5378382.198311092
TECHM.NS/LTTS.NS,IT,2024-01-10,0.0,-545.652237757972,-2.0634488183320405,-0.0,378382.19831109233,5378382.198311092
TECHM.NS/LTTS.NS,IT,2024-01-11,0.0,-540.0470236168471,-1.902756718132591,0.0,378382.19831109233,5378382.198311092
TECHM.NS/LTTS.NS,IT,2024-01-12,0.0,-523.8569644934223,-1.6419954766407068,0.0,378382.19831109233,5378382.198311092
TECHM.NS/LTTS.NS,IT,2024-01-15,0.0,-488.88794802765756,-1.1892811948230848,0.0,378382.19831109233,5378382.198311092
TECHM.NS/LTTS.NS,IT,2024-01-16,0.0,-474.7922634765009,-0.991229290851665,-0.0,378382.19831109233,5378382.198311092
TECHM.NS/LTTS.NS,IT,2024-01-17,0.0,-529.1054981771313,-1.5638401028526203,-0.0,378382.19831109233,5378382.198311092
TECHM.NS/LTTS.NS,IT,2024-01-18,0.0,-460.7240635188539,-0.7454415833941966,0.0,378382.19831109233,5378382.198311092
TECHM.NS/LTTS.NS,IT,2024-01-19,0.0,-422.5106593415828,-0.2756955549938676,0.0,378382.19831109233,5378382.198311092
TECHM.NS/LTTS.NS,IT,2024-01-23,0.0,-435.7820399804086,-0.40921470354556294,-0.0,378382.19831109233,5378382.198311092
TECHM.NS/LTTS.NS,IT,2024-01-24,0.0,-441.5145506338072,-0.45395399892462746,0.0,378382.19831109233,5378382.198311092
TECHM.NS/LTTS.NS,IT,2024-01-25,0.0,-484.6879408921486,-0.9503735169683886,-0.0,378382.19831109233,5378382.198311092
TECHM.NS/LTTS.NS,IT,2024-01-29,0.0,-508.1513087838548,-1.2006597895678568,-0.0,378382.19831109233,5378382.198311092
TECHM.NS/LTTS.NS,IT,2024-01-30,0.0,-516.7055200786242,-1.2667263008804233,0.0,378382.19831109233,5378382.198311092
TECHM.NS/LTTS.NS,IT,2024-01-31,0.0,-536.6292552317523,-1.4663158883068956,0.0,378382.19831109233,5378382.198311092
TECHM.NS/LTTS.NS,IT,2024-02-01,0.0,-531.3457454988502,-1.3559439475832302,-0.0,378382.19831109233,5378382.198311092
TECHM.NS/LTTS.NS,IT,2024-02-02,0.0,-513.2989248205422,-1.098436609160125,0.0,378382.19831109233,5378382.198311092
TECHM.NS/LTTS.NS,IT,2024-02-05,0.0,-498.6546839975697,-0.8859122073801828,-0.0,378382.19831109233,5378382.198311092
TECHM.NS/LTTS.NS,IT,2024-02-06,0.0,-519.4358732705323,-1.123653437942531,0.0,378382.19831109233,5378382.198311092
TECHM.NS/LTTS.NS,IT,2024-02-07,0.0,-545.377637965838,-1.421668918419079,-0.0,378382.19831109233,5378382.198311092
TECHM.NS/LTTS.NS,IT,2024-02-08,0.0,-552.2572562155956,-1.468469304554999,-0.0,378382.19831109233,5378382.198311092
TECHM.NS/LTTS.NS,IT,2024-02-09,0.0,-551.7206398149449,-1.4237855783680222,0.0,378382.19831109233,5378382.198311092
TECHM.NS/LTTS.NS,IT,2024-02-12,0.0,-546.3479714538094,-1.3197705735751724,0.0,378382.19831109233,5378382.198311092
TECHM.NS/LTTS.NS,IT,2024-02-13,0.0,-551.3051357097843,-1.356096572889552,0.0,378382.19831109233,5378382.198311092
TECHM.NS/LTTS.NS,IT,2024-02-14,0.0,-516.8857595250149,-0.8585922438305301,-0.0,378382.19831109233,5378382.198311092
TECHM.NS/LTTS.NS,IT,2024-02-15,0.0,-519.4589619375336,-0.8778841369737476,0.0,378382.19831109233,5378382.198311092
TECHM.NS/LTTS.NS,IT,2024-02-16,0.0,-526.950260974668,-0.9717983413417703,-0.0,378382.19831109233,5378382.198311092
TECHM.NS/LTTS.NS,IT,2024-02-19,0.0,-515.5606513567495,-0.7689954797139986,0.0,378382.19831109233,5378382.198311092
TECHM.NS/LTTS.NS,IT,2024-02-20,0.0,-493.97661135887665,-0.39407726173305,0.0,378382.19831109233,5378382.198311092
TECHM.NS/LTTS.NS,IT,2024-02-21,0.0,-473.5644939855183,-0.005730036397773571,-0.0,378382.19831109233,5378382.198311092
TECHM.NS/LTTS.NS,IT,2024-02-22,0.0,-468.0902283882815,0.1375771534391318,0.0,378382.19831109233,5378382.198311092
TECHM.NS/LTTS.NS,IT,2024-02-23,0.0,-502.13464912001314,-0.48151904137423795,-0.0,378382.19831109233,5378382.198311092
TECHM.NS/LTTS.NS,IT,2024-02-26,0.0,-520.9361277811097,-0.8426899038095006,-0.0,378382.19831109233,5378382.198311092
TECHM.NS/LTTS.NS,IT,2024-02-27,0.0,-510.9623334846524,-0.6091253354600784,0.0,378382.19831109233,5378382.198311092
TECHM.NS/LTTS.NS,IT,2024-02-28,0.0,-495.6173270500344,-0.2464673097209601,-0.0,378382.19831109233,5378382.198311092
TECHM.NS/LTTS.NS,IT,2024-02-29,0.0,-502.7569962632108,-0.37907286599285556,-0.0,378382.19831109233,5378382.198311092
TECHM.NS/LTTS.NS,IT,2024-03-01,0.0,-499.7287989764234,-0.2738254347721122,-0.0,378382.19831109233,5378382.198311092
TECHM.NS/LTTS.NS,IT,2024-03-04,0.0,-483.0954815818586,0.20171732261137187,0.0,378382.19831109233,5378382.198311092
TECHM.NS/LTTS.NS,IT,2024-03-05,0.0,-491.4464448295405,0.002199933545585502,-0.0,378382.19831109233,5378382.198311092
TECHM.NS/LTTS.NS,IT,2024-03-06,0.0,-500.0710085259425,-0.2116063997897763,-0.0,378382.19831109233,5378382.198311092
TECHM.NS/LTTS.NS,IT,2024-03-07,0.0,-489.1331622910852,0.1339940792041984,0.0,378382.19831109233,5378382.198311092
TECHM.NS/LTTS.NS,IT,2024-03-11,0.0,-478.75151433282167,0.47278562837648036,0.0,378382.19831109233,5378382.198311092
TECHM.NS/LTTS.NS,IT,2024-03-12,0.0,-475.7887515824377,0.5962695777749066,0.0,378382.19831109233,5378382.198311092
TECHM.NS/LTTS.NS,IT,2024-03-13,0.0,-452.81660900554084,1.3153209237956152,-0.0,378382.19831109233,5378382.198311092
TECHM.NS/LTTS.NS,IT,2024-03-14,-1.0,-472.24351630290107,0.7222072192808964,-12500.0,365882.19831109233,5365882.198311092
TECHM.NS/LTTS.NS,IT,2024-03-15,-1.0,-531.9985270883149,-1.1114708641250965,91752.98571219425,457635.18402328657,5457635.184023286
TECHM.NS/LTTS.NS,IT,2024-03-18,-1.0,-530.570521461972,-1.0332459518256027,27471.83226097065,485107.01628425723,5485107.016284257
TECHM.NS/LTTS.NS,IT,2024-03-19,1.0,-487.2466625820491,0.33922992205638053,-4531.091060564759,480575.9252236925,5480575.925223692
TECHM.NS/LTTS.NS,IT,2024-03-20,1.0,-476.5665048155513,0.6807486186556995,47687.87003023676,528263.7952539292,5528263.795253929
TECHM.NS/LTTS.NS,IT,2024-03-21,1.0,-543.5565190442021,-1.392445836436712,-10752.011949319418,517511.7833046098,5517511.783304609
TECHM.NS/LTTS.NS,IT,2024-03-22,1.0,-534.3641620276419,-1.0679315909182627,-52064.648062958484,465447.1352416513,5465447.135241651
TECHM.NS/LTTS.NS,IT,2024-03-26,1.0,-557.6693034555024,-1.725071739690061,-47952.74784116366,417494.38740048767,5417494.387400487
TECHM.NS/LTTS.NS,IT,2024-03-27,1.0,-566.6990814060114,-1.923126741822953,-10330.324950316462,407164.0624501712,5407164.062450171
TECHM.NS/LTTS.NS,IT,2024-03-28,1.0,-583.4487685322126,-2.2820715131050773,-33653.30457955366,373510.75787061756,5373510.757870617
TECHM.NS/LTTS.NS,IT,2024-04-01,1.0,-624.6235199808714,-3.1625576138687865,-49994.41404759754,323516.34382302,5323516.34382302
TECHM.NS/LTTS.NS,IT,2024-04-02,1.0,-625.442283090229,-2.9151410189035687,-25294.223811165833,298222.12001185416,5298222.120011854
TECHM.NS/LTTS.NS,IT,2024-04-03,1.0,-663.6189482005145,-3.4298021451014837,23117.425564966765,321339.5455768209,5321339.545576821
TECHM.NS/LTTS.NS,IT,2024-04-04,1.0,-664.2694983695187,-3.093308316744897,75451.77183481336,396791.31741163426,5396791.317411634
TECHM.NS/LTTS.NS,IT,2024-04-05,1.0,-671.7478724866417,-2.945318962045822,-55619.70564817906,341171.6117634552,5341171.611763455
TECHM.NS/LTTS.NS,IT,2024-04-08,1.0,-636.9286369800568,-2.1391548446922117,36519.04282201956,377690.65458547475,5377690.654585475
TECHM.NS/LTTS.NS,IT,2024-04-09,1.0,-627.5441815681879,-1.871718570012083,-34321.242105750884,343369.41247972386,5343369.412479724
TECHM.NS/LTTS.NS,IT,2024-04-10,1.0,-618.9173501599416,-1.6555497480886092,54840.504085378496,398209.91656510235,5398209.9165651025
TECHM.NS/LTTS.NS,IT,2024-04-12,1.0,-642.1728374905476,-1.9680841134952447,-96423.74729198591,301786.16927311645,5301786.169273117
TECHM.NS/LTTS.NS,IT,2024-04-15,0.0,-604.1456787339112,-1.2779863061296515,-51962.273898241445,249823.895374875,5249823.895374875
TECHM.NS/LTTS.NS,IT,2024-04-16,0.0,-579.2379511353779,-0.8317841487513993,-0.0,249823.895374875,5249823.895374875
TECHM.NS/LTTS.NS,IT,2024-04-18,0.0,-581.6959392620308,-0.8441410203925007,-0.0,249823.895374875,5249823.895374875
TECHM.NS/LTTS.NS,IT,2024-04-19,0.0,-554.4017260609537,-0.3778965582339439,0.0,249823.895374875,5249823.895374875
TECHM.NS/LTTS.NS,IT,2024-04-22,0.0,-527.0079476335711,0.10170697363027147,0.0,249823.895374875,5249823.895374875
TECHM.NS/LTTS.NS,IT,2024-04-23,0.0,-543.1951467852639,-0.14360283833723414,-0.0,249823.895374875,5249823.895374875
TECHM.NS/LTTS.NS,IT,2024-04-24,0.0,-565.8728397013899,-0.5156482484263096,-0.0,249823.895374875,5249823.895374875
TECHM.NS/LTTS.NS,IT,2024-04-25,0.0,-541.9145370162462,-0.05659365330115649,0.0,249823.895374875,5249823.895374875
TECHM.NS/LTTS.NS,IT,2024-04-26,0.0,-332.3828085128441,3.395638614094163,0.0,249823.895374875,5249823.895374875
TECHM.NS/LTTS.NS,IT,2024-04-29,-1.0,-303.4508450757339,3.420236155598134,-12500.0,237323.895374875,5237323.895374875
TECHM.NS/LTTS.NS,IT,2024-04-30,-1.0,-302.8131413402132,3.088176798735792,70460.77341173384,307784.66878660885,5307784.668786609
TECHM.NS/LTTS.NS,IT,2024-05-02,-1.0,-294.4608142318093,2.9087573062382637,-19275.154211461915,288509.51457514695,5288509.514575147
TECHM.NS/LTTS.NS,IT,2024-05-03,-1.0,-293.9216849463669,2.6822591887420355,47349.42710092957,335858.9416760765,5335858.9416760765
TECHM.NS/LTTS.NS,IT,2024-05-06,-1.0,-259.19993804018463,2.825089930966896,-74159.38331528184,261699.55836079468,5261699.558360795
TECHM.NS/LTTS.NS,IT,2024-05-07,-1.0,-233.3554109310992,2.8400993616069115,-117335.61406556252,144363.94429523216,5144363.944295232
TECHM.NS/LTTS.NS,IT,2024-05-08,-1.0,-236.95567715039624,2.591352028904637,19449.096421957474,163813.04071718964,5163813.040717189
TECHM.NS/LTTS.NS,IT,2024-05-09,-1.0,-222.304625576244,2.530523345172482,33724.54429035522,197537.58500754484,5197537.585007545
TECHM.NS/LTTS.NS,IT,2024-05-10,-1.0,-213.06950370013715,2.4328389090773745,2567.309869549305,200104.89487709414,5200104.894877094
TECHM.NS/LTTS.NS,IT,2024-05-13,-1.0,-232.56618987164802,2.1352004848611075,29866.79528916051,229971.69016625464,5229971.6901662545
TECHM.NS/LTTS.NS,IT,2024-05-14,-1.0,-241.4842866151373,1.9555438882569922,-28296.2355192777,201675.45464697696,5201675.454646977
TECHM.NS/LTTS.NS,IT,2024-05-15,-1.0,-234.6415693759568,1.9095828161370478,-5046.3375149687645,196629.1171320082,5196629.117132008
TECHM.NS/LTTS.NS,IT,2024-05-16,-1.0,-219.90639794818003,1.9223453814881235,-112536.93218069119,84092.184951317,5084092.184951317
TECHM.NS/LTTS.NS,IT,2024-05-17,-1.0,-205.47954772565777,1.9281574723593617,-9512.23254843829,74579.95240287871,5074579.952402879
TECHM.NS/LTTS.NS,IT,2024-05-21,-1.0,-197.39271887521704,1.888855680688217,-60444.569281929456,14135.383120949256,5014135.383120949
TECHM.NS/LTTS.NS,IT,2024-05-22,-1.0,-224.70226896415352,1.6257996507072907,13891.135945938711,28026.519066887966,5028026.519066888
TECHM.NS/LTTS.NS,IT,2024-05-23,-1.0,-227.4875504544966,1.5439997498223474,-16161.303135028886,11865.21593185908,5011865.215931859
TECHM.NS/LTTS.NS,IT,2024-05-24,-1.0,-233.19760644407006,1.4515110160803308,49009.11610696559,60874.332038824665,5060874.332038824
TECHM.NS/LTTS.NS,IT,2024-05-27,-1.0,-229.80723262685387,1.4223323093349824,-25634.63778896656,35239.694249858105,5035239.694249858
TECHM.NS/LTTS.NS,IT,2024-05-28,-1.0,-255.50366284367215,1.2138958765276098,68660.70779398718,103900.40204384529,5103900.4020438455
TECHM.NS/LTTS.NS,IT,2024-05-29,-1.0,-290.51363346531,0.9583296084768206,118517.8398876025,222418.2419314478,5222418.241931448
TECHM.NS/LTTS.NS,IT,2024-05-30,-1.0,-295.0858383488762,0.9012986938855041,135707.37626454045,358125.61819598824,5358125.618195988
TECHM.NS/LTTS.NS,IT,2024-05-31,-1.0,-287.8886220194854,0.9194066882253874,28780.775880210607,386906.39407619886,5386906.394076199
TECHM.NS/LTTS.NS,IT,2024-06-03,-1.0,-269.2751801698248,1.0053032791584657,-72283.94400823473,314622.45006796415,5314622.450067964
TECHM.NS/LTTS.NS,IT,2024-06-04,-1.0,-254.83263799827796,1.0616823933564903,1172.7108842947334,315795.16095225886,5315795.160952259
TECHM.NS/LTTS.NS,IT,2024-06-05,-1.0,-294.4608142318093,0.7919171014842875,-35138.99606772623,280656.1648845326,5280656.164884533
TECHM.NS/LTTS.NS,IT,2024-06-06,-1.0,-266.4775362362768,0.9365097212228339,-178673.2439569965,101982.92092753612,5101982.920927536
TECHM.NS/LTTS.NS,IT,2024-06-07,-1.0,-248.1459574707494,1.0166691101269894,-187269.34404920458,-85286.42312166846,4914713.576878332
TECHM.NS/LTTS.NS,IT,2024-06-10,-1.0,-282.26006587531174,0.7839920436251886,134960.7250736965,49674.301952028036,5049674.301952028
TECHM.NS/LTTS.NS,IT,2024-06-11,-1.0,-298.14418431187096,0.6671628408331834,-7775.115019483317,41899.18693254472,5041899.186932545
TECHM.NS/LTTS.NS,IT,2024-06-12,-1.0,-281.9698185886366,0.7434662147491176,-74841.14010614283,-32941.953173598115,4967058.046826402
TECHM.NS/LTTS.NS,IT,2024-06-13,-1.0,-270.969508985125,0.7881343082951763,-60678.75892546145,-93620.71209905957,4906379.2879009405
TECHM.NS/LTTS.NS,IT,2024-06-14,-1.0,-278.7264096772635,0.7197366603447021,54163.05696382759,-39457.65513523198,4960542.344864768
TECHM.NS/LTTS.NS,IT,2024-06-18,-1.0,-284.37462673147,0.6620996510616024,6257.712756856044,-33199.942378375934,4966800.057621624
TECHM.NS/LTTS.NS,IT,2024-06-19,-1.0,-275.7553011770947,0.6896725540833952,-35293.50240804831,-68493.44478642425,4931506.555213576
TECHM.NS/LTTS.NS,IT,2024-06-20,-1.0,-267.86047285082486,0.7142558715645287,-39964.51471241654,-108457.95949884079,4891542.04050116
TECHM.NS/LTTS.NS,IT,2024-06-21,-1.0,-266.2377600457419,0.7017060088363105,-19246.153747896857,-127704.11324673764,4872295.886753262
TECHM.NS/LTTS.NS,IT,2024-06-24,-1.0,-243.9980509662148,0.8075823031532637,-28327.45628498766,-156031.5695317253,4843968.430468274
TECHM.NS/LTTS.NS,IT,2024-06-25,-1.0,-223.34531669710304,0.9016096370017298,-89344.66520446244,-245376.23473618773,4754623.765263813
TECHM.NS/LTTS.NS,IT,2024-06-26,-1.0,-240.34975828486745,0.7713415222572528,55152.57355029783,-190223.6611858899,4809776.3388141105
TECHM.NS/LTTS.NS,IT,2024-06-27,-1.0,-238.20547156937414,0.7570243153801949,-51440.89696658076,-241664.55815247068,4758335.441847529
TECHM.NS/LTTS.NS,IT,2024-06-28,0.0,-244.57361037720852,0.6916830363586116,-1018.5465178535451,-242683.10467032422,4757316.895329676
TECHM.NS/LTTS.NS,IT,2024-07-01,0.0,-248.27725394276422,0.6431341790463627,0.0,-242683.10467032422,4757316.895329676
TECHM.NS/LTTS.NS,IT,2024-07-02,0.0,-243.0412264062877,0.6508983194491268,0.0,-242683.10467032422,4757316.895329676
TECHM.NS/LTTS.NS,IT,2024-07-03,0.0,-240.16079069605166,0.6459876276122983,0.0,-242683.10467032422,4757316.895329676
TECHM.NS/LTTS.NS,IT,2024-07-04,0.0,-266.0563758105109,0.4460270562665942,-0.0,-242683.10467032422,4757316.895329676
TECHM.NS/LTTS.NS,IT,2024-07-05,0.0,-284.8834075636555,0.28340234053213104,-0.0,-242683.10467032422,4757316.895329676
TECHM.NS/LTTS.NS,IT,2024-07-08,0.0,-273.916554990956,0.335037183617494,0.0,-242683.10467032422,4757316.895329676
TECHM.NS/LTTS.NS,IT,2024-07-09,0.0,-264.27108438897153,0.3816295274165449,0.0,-242683.10467032422,4757316.895329676
TECHM.NS/LTTS.NS,IT,2024-07-10,0.0,-255.6104210955291,0.4256884985467152,0.0,-242683.10467032422,4757316.895329676
TECHM.NS/LTTS.NS,IT,2024-07-11,0.0,-227.45194792562734,0.6547342281750117,0.0,-242683.10467032422,4757316.895329676
TECHM.NS/LTTS.NS,IT,2024-07-12,0.0,-222.60156647005147,0.6872270021199631,0.0,-242683.10467032422,4757316.895329676
TECHM.NS/LTTS.NS,IT,2024-07-15,0.0,-207.18189631279347,0.8343629418782951,0.0,-242683.10467032422,4757316.895329676
TECHM.NS/LTTS.NS,IT,2024-07-16,0.0,-152.17980845258353,1.446895965046028,0.0,-242683.10467032422,4757316.895329676
TECHM.NS/LTTS.NS,IT,2024-07-18,-1.0,-125.2852912503015,1.7868762037277939,-12500.0,-255183.10467032422,4744816.895329676
TECHM.NS/LTTS.NS,IT,2024-07-19,-1.0,-153.61438470365056,1.468065205831914,76173.62995292633,-179009.47471739788,4820990.525282602
TECHM.NS/LTTS.NS,IT,2024-07-22,-1.0,-188.27583637110047,1.0547986022722198,26696.72081191468,-152312.7539054832,4847687.2460945165
TECHM.NS/LTTS.NS,IT,2024-07-23,-1.0,-229.07442039433658,0.45514773776272016,47043.24031259756,-105269.51359288563,4894730.486407114
TECHM.NS/LTTS.NS,IT,2024-07-24,-1.0,-206.56364531561735,1.0645039805886702,-118590.10992347974,-223859.62351636536,4776140.376483635
TECHM.NS/LTTS.NS,IT,2024-07-25,-1.0,-218.46524117563877,0.737771477655388,19513.281758356214,-204346.34175800916,4795653.658241991
TECHM.NS/LTTS.NS,IT,2024-07-26,-1.0,-213.23477053135957,0.848830867516465,-31258.763836434482,-235605.10559444365,4764394.894405556
TECHM.NS/LTTS.NS,IT,2024-07-29,-1.0,-223.7541184092256,0.5397079949334851,47007.5783938202,-188597.52720062344,4811402.472799377
TECHM.NS/LTTS.NS,IT,2024-07-30,-1.0,-211.43292886628706,0.8498169664104523,-42023.04691165431,-230620.57411227777,4769379.4258877225
TECHM.NS/LTTS.NS,IT,2024-07-31,-1.0,-201.400209089898,1.0944776037821582,-47895.24727727986,-278515.8213895576,4721484.178610442
TECHM.NS/LTTS.NS,IT,2024-08-01,-1.0,-180.98787861949359,1.5975489744243172,2686.2807430860735,-275829.54064647155,4724170.459353529
TECHM.NS/LTTS.NS,IT,2024-08-02,-1.0,-208.51715882287294,0.825325805458713,111978.15741407104,-163851.38323240052,4836148.616767599
TECHM.NS/LTTS.NS,IT,2024-08-05,-1.0,-184.41925537819543,1.4335026368217467,97429.83995362012,-66421.5432787804,4933578.456721219
TECHM.NS/LTTS.NS,IT,2024-08-06,-1.0,-176.29635945800396,1.5969716845009683,-74653.43846171963,-141074.98174050002,4858925.0182595
TECHM.NS/LTTS.NS,IT,2024-08-07,-1.0,-196.3551585188427,1.0561353280870818,44238.76486087807,-96836.21687962195,4903163.783120378
TECHM.NS/LTTS.NS,IT,2024-08-08,-1.0,-182.2122763136415,1.380310681468308,2777.3988351422786,-94058.81804447967,4905941.18195552
TECHM.NS/LTTS.NS,IT,2024-08-09,-1.0,-144.59958941376976,2.206107772023853,-137051.97567551947,-231110.79371999914,4768889.2062800005
TECHM.NS/LTTS.NS,IT,2024-08-12,-1.0,-123.93501616048457,2.518536726530816,-35222.28118374507,-266333.0749037442,4733666.925096256
TECHM.NS/LTTS.NS,IT,2024-08-13,-1.0,-124.31171630608537,2.353568523779763,21426.582384411086,-244906.49251933314,4755093.507480667
TECHM.NS/LTTS.NS,IT,2024-08-14,-1.0,-134.3342396081789,2.035106702302399,-38153.15389643513,-283059.64641576825,4716940.353584232
TECHM.NS/LTTS.NS,IT,2024-08-16,-1.0,-169.71585314517574,1.2582365533410391,-102996.85498855954,-386056.5014043278,4613943.498595672
TECHM.NS/LTTS.NS,IT,2024-08-19,-1.0,-185.29457342251635,0.908789380328363,-5449.934704582901,-391506.4361089107,4608493.5638910895
TECHM.NS/LTTS.NS,IT,2024-08-20,-1.0,-182.76128804104633,0.9390767780851288,-77910.11617229706,-469416.55228120775,4530583.447718793
TECHM.NS/LTTS.NS,IT,2024-08-21,-1.0,-220.60876421300122,0.14685339719386262,88216.44988027589,-381200.1024009319,4618799.8975990685
TECHM.NS/LTTS.NS,IT,2024-08-22,-1.0,-234.7416678458103,-0.14558178178829406,-1303.006787503646,-382503.10918843554,4617496.890811564
TECHM.NS/LTTS.NS,IT,2024-08-23,-1.0,-238.49596536252807,-0.2301703430699441,32094.060225482,-350409.04896295356,4649590.9510370465
TECHM.NS/LTTS.NS,IT,2024-08-26,-1.0,-215.4896781210448,0.22700680888282834,-115365.19719765405,-465774.2461606076,4534225.753839392
TECHM.NS/LTTS.NS,IT,2024-08-27,-1.0,-221.92167611820787,0.06624510229944268,39790.0996011575,-425984.14655945014,4574015.85344055
TECHM.NS/LTTS.NS,IT,2024-08-28,-1.0,-280.2170075070733,-1.1981556653557333,48558.16244477489,-377425.98411467526,4622574.015885325
TECHM.NS/LTTS.NS,IT,2024-08-29,-1.0,-303.3565931230751,-1.6594937071066465,-23510.264378334894,-400936.2484930102,4599063.75150699
TECHM.NS/LTTS.NS,IT,2024-08-30,-1.0,-283.56641648329787,-1.2161967529944258,6414.239159472385,-394522.0093335378,4605477.990666462
TECHM.NS/LTTS.NS,IT,2024-09-02,-1.0,-281.2010507834575,-1.1782942194108061,-24570.142707100742,-419092.1520406385,4580907.847959362
TECHM.NS/LTTS.NS,IT,2024-09-03,-1.0,-286.4924632018776,-1.2737140456853333,10338.415198799936,-408753.7368418386,4591246.263158161
TECHM.NS/LTTS.NS,IT,2024-09-04,-1.0,-265.1157443740965,-0.8143100250594683,-21758.465677104923,-430512.2025189435,4569487.797481056
TECHM.NS/LTTS.NS,IT,2024-09-05,-1.0,-267.6160254489323,-0.8765771038274136,14963.23122277441,-415548.9712961691,4584451.028703831
TECHM.NS/LTTS.NS,IT,2024-09-06,-1.0,-266.0608124777423,-0.8669438625848077,34331.47442706874,-381217.4968691004,4618782.5031309
TECHM.NS/LTTS.NS,IT,2024-09-09,-1.0,-294.69661571003826,-1.4658583475365827,124055.82811587253,-257161.66875322786,4742838.331246772
TECHM.NS/LTTS.NS,IT,2024-09-10,0.0,-305.04364227180145,-1.6473072179782988,-67880.92500047054,-325042.5937536984,4674957.406246302
TECHM.NS/LTTS.NS,IT,2024-09-11,0.0,-302.4657676285947,-1.5674991788289094,-0.0,-325042.5937536984,4674957.406246302
TECHM.NS/LTTS.NS,IT,2024-09-12,0.0,-276.2101694002854,-1.030367639230611,0.0,-325042.5937536984,4674957.406246302
TECHM.NS/LTTS.NS,IT,2024-09-13,0.0,-284.76131455119,-1.200514663314254,0.0,-325042.5937536984,4674957.406246302
TECHM.NS/LTTS.NS,IT,2024-09-16,0.0,-269.1243899583171,-0.8763214725218014,-0.0,-325042.5937536984,4674957.406246302
TECHM.NS/LTTS.NS,IT,2024-09-17,0.0,-252.65750822481664,-0.5422971101448959,0.0,-325042.5937536984,4674957.406246302
TECHM.NS/LTTS.NS,IT,2024-09-18,0.0,-236.97047669908488,-0.21949755113163033,-0.0,-325042.5937536984,4674957.406246302
TECHM.NS/LTTS.NS,IT,2024-09-19,0.0,-254.17472436247044,-0.5644100452699947,-0.0,-325042.5937536984,4674957.406246302
TECHM.NS/LTTS.NS,IT,2024-09-20,0.0,-219.71543036258367,0.14188247899035683,0.0,-325042.5937536984,4674957.406246302
TECHM.NS/LTTS.NS,IT,2024-09-23,0.0,-239.37107966072722,-0.2647803062218968,-0.0,-325042.5937536984,4674957.406246302
TECHM.NS/LTTS.NS,IT,2024-09-24,0.0,-214.62812550596345,0.23745660956770562,0.0,-325042.5937536984,4674957.406246302
TECHM.NS/LTTS.NS,IT,2024-09-25,0.0,-225.76766552698746,-0.0011740276374670399,-0.0,-325042.5937536984,4674957.406246302
TECHM.NS/LTTS.NS,IT,2024-09-26,0.0,-229.7527065749532,-0.08860133545431764,0.0,-325042.5937536984,4674957.406246302
TECHM.NS/LTTS.NS,IT,2024-09-27,0.0,-194.67119387611274,0.6231627168939938,0.0,-325042.5937536984,4674957.406246302
TECHM.NS/LTTS.NS,IT,2024-09-30,0.0,-220.84486117972983,0.06536276975336443,-0.0,-325042.5937536984,4674957.406246302
TECHM.NS/LTTS.NS,IT,2024-10-01,0.0,-176.03871045525057,0.9680260994693142,0.0,-325042.5937536984,4674957.406246302
TECHM.NS/LTTS.NS,IT,2024-10-03,0.0,-117.85374252529846,2.075031086748636,0.0,-325042.5937536984,4674957.406246302
TECHM.NS/LTTS.NS,IT,2024-10-04,-1.0,-97.18575069121698,2.3388379657899603,-12500.0,-337542.5937536984,4662457.406246302
TECHM.NS/LTTS.NS,IT,2024-10-07,-1.0,-118.83884905882223,1.8253734922042801,17446.74329870641,-320095.850454992,4679904.149545008
TECHM.NS/LTTS.NS,IT,2024-10-08,-1.0,-108.58431787491486,1.920201707625837,-32940.076615536294,-353035.92707052827,4646964.072929472
TECHM.NS/LTTS.NS,IT,2024-10-09,-1.0,-104.10289394850975,1.9046081018577274,-67774.98294941826,-420810.9100199465,4579189.089980054
TECHM.NS/LTTS.NS,IT,2024-10-10,-1.0,-133.90207849918147,1.3288773078821847,111051.15323628661,-309759.7567836599,4690240.24321634
TECHM.NS/LTTS.NS,IT,2024-10-11,-1.0,-120.22821667462335,1.5416578256400508,-72557.4743653266,-382317.2311489865,4617682.768851014
TECHM.NS/LTTS.NS,IT,2024-10-14,-1.0,-91.66305839427014,1.9949937676685359,-124123.68440850497,-506440.9155574915,4493559.084442508
TECHM.NS/LTTS.NS,IT,2024-10-15,-1.0,-120.53146010621822,1.4744129499199723,63096.75411050957,-443344.1614469819,4556655.838553018
TECHM.NS/LTTS.NS,IT,2024-10-16,-1.0,-146.85537508988637,1.0093246641514737,56700.600147969344,-386643.56129901257,4613356.438700987
TECHM.NS/LTTS.NS,IT,2024-10-17,-1.0,-74.09882518043673,2.104564216425267,-151492.81776314756,-538136.3790621602,4461863.62093784
TECHM.NS/LTTS.NS,IT,2024-10-18,-1.0,-49.36900664088171,2.342394024962562,-1796.1840210285307,-539932.5630831887,4460067.436916811
TECHM.NS/LTTS.NS,IT,2024-10-21,-1.0,-76.26763727770594,1.837709400765107,46.35712878268798,-539886.2059544061,4460113.794045594
TECHM.NS/LTTS.NS,IT,2024-10-22,-1.0,-51.16602119115396,2.0894386401179004,-15150.359912900141,-555036.5658673062,4444963.434132693
TECHM.NS/LTTS.NS,IT,2024-10-23,-1.0,-62.985558157761034,1.8286486443757652,-67529.75572307289,-622566.3215903791,4377433.678409621
TECHM.NS/LTTS.NS,IT,2024-10-24,-1.0,-52.96905348962355,1.8731963427227234,-9288.828133628602,-631855.1497240077,4368144.850275992
TECHM.NS/LTTS.NS,IT,2024-10-25,-1.0,-40.040916515934896,1.9453413976945984,25398.096417200148,-606457.0533068075,4393542.946693192
TECHM.NS/LTTS.NS,IT,2024-10-28,-1.0,-46.63847444633279,1.779243570039897,34096.87814969991,-572360.1751571076,4427639.824842893
TECHM.NS/LTTS.NS,IT,2024-10-29,-1.0,-66.8588130580506,1.465039254411021,28226.256777739534,-544133.9183793681,4455866.081620632
TECHM.NS/LTTS.NS,IT,2024-10-30,-1.0,-65.1422751925304,1.4354571634413305,25668.102621779166,-518465.81575758895,4481534.184242411
TECHM.NS/LTTS.NS,IT,2024-10-31,-1.0,-55.987367367381694,1.4936876046389587,116745.99050793034,-401719.8252496586,4598280.174750341
TECHM.NS/LTTS.NS,IT,2024-11-01,-1.0,-64.79664835661174,1.340485035788552,19760.37157105203,-381959.4536786066,4618040.546321393
TECHM.NS/LTTS.NS,IT,2024-11-04,-1.0,-33.491999293481285,1.6425363395723163,-106680.41844067609,-488639.8721192827,4511360.127880718
TECHM.NS/LTTS.NS,IT,2024-11-05,-1.0,-38.53956410738215,1.5333453615852413,17135.59204957458,-471504.2800697081,4528495.719930292
TECHM.NS/LTTS.NS,IT,2024-11-06,-1.0,-56.33034500757708,1.3028337469886901,-108580.16607929365,-580084.4461490018,4419915.553850998
TECHM.NS/LTTS.NS,IT,2024-11-07,-1.0,-78.87665378463043,1.0345423548615413,108121.7030561094,-471962.74309289246,4528037.256907107
TECHM.NS/LTTS.NS,IT,2024-11-08,-1.0,-36.663707487360625,1.4610428689010555,-105325.79062551071,-577288.5337184032,4422711.466281597
TECHM.NS/LTTS.NS,IT,2024-11-11,-1.0,-18.29215574463683,1.5981097151237276,-64562.305002688,-641850.8387210912,4358149.161278909
TECHM.NS/LTTS.NS,IT,2024-11-12,-1.0,-88.13615631617381,0.8286923875903991,104045.03621387672,-537805.8025072145,4462194.197492786
TECHM.NS/LTTS.NS,IT,2024-11-13,-1.0,-65.68352126140326,1.0373707595768389,1516.2144233043682,-536289.58808391,4463710.41191609
TECHM.NS/LTTS.NS,IT,2024-11-14,-1.0,-52.89395682275904,1.1335087166632967,-37011.7638546755,-573301.3519385855,4426698.648061414
TECHM.NS/LTTS.NS,IT,2024-11-18,-1.0,-57.19996319373672,1.0527448171036458,58314.86675886413,-514986.4851797214,4485013.514820279
TECHM.NS/LTTS.NS,IT,2024-11-19,-1.0,-29.54993552201927,1.2932287547813184,-107776.92192496643,-622763.4071046878,4377236.592895312
TECHM.NS/LTTS.NS,IT,2024-11-21,-1.0,-37.54847918632163,1.1700021435574028,2793.628501699254,-619969.7786029885,4380030.221397012
TECHM.NS/LTTS.NS,IT,2024-11-22,-1.0,-39.866064118888744,1.1082793928226906,-88001.97958574466,-707971.7581887331,4292028.241811267
TECHM.NS/LTTS.NS,IT,2024-11-25,-1.0,-102.21294151079178,0.45016298697960216,89099.10090344577,-618872.6572852874,4381127.342714713
TECHM.NS/LTTS.NS,IT,2024-11-26,-1.0,-100.16577834553073,0.4458576001624524,-27479.468469784704,-646352.1257550721,4353647.874244928
TECHM.NS/LTTS.NS,IT,2024-11-27,-1.0,-70.68111318752699,0.7299150450925966,-50095.761413103035,-696447.8871681752,4303552.112831824
TECHM.NS/LTTS.NS,IT,2024-11-28,-1.0,-53.84886864485088,0.8813439813140322,68959.00198070498,-627488.8851874702,4372511.11481253
TECHM.NS/LTTS.NS,IT,2024-11-29,-1.0,-66.19884066395207,0.72139579245843,14146.214635739805,-613342.6705517304,4386657.32944827
TECHM.NS/LTTS.NS,IT,2024-12-02,-1.0,-31.67217906862811,1.0698213384341153,-100829.55967852693,-714172.2302302574,4285827.769769743
TECHM.NS/LTTS.NS,IT,2024-12-03,-1.0,-40.974395618699646,0.9368154569592101,2129.9462621015987,-712042.2839681557,4287957.716031844
TECHM.NS/LTTS.NS,IT,2024-12-04,-1.0,-26.392367072614206,1.0702455681781753,-33697.5693470862,-745739.853315242,4254260.146684758
TECHM.NS/LTTS.NS,IT,2024-12-05,-1.0,-11.839835528853428,1.2105733472319407,-66741.85543523345,-812481.7087504754,4187518.291249525
TECHM.NS/LTTS.NS,IT,2024-12-06,-1.0,-10.133307274284789,1.2109582905091356,6199.198068789533,-806282.5106816859,4193717.489318314
TECHM.NS/LTTS.NS,IT,2024-12-09,-1.0,-24.452755008843724,1.0215374886531694,23159.270400543406,-783123.2402811425,4216876.759718858
TECHM.NS/LTTS.NS,IT,2024-12-10,-1.0,-44.403031829876454,0.7484794463431275,46351.21471923449,-736772.025561908,4263227.974438092
TECHM.NS/LTTS.NS,IT,2024-12-11,-1.0,-45.4808530763421,0.7154760612660834,2477.2092198165483,-734294.8163420914,4265705.183657909
TECHM.NS/LTTS.NS,IT,2024-12-12,-1.0,-36.92778687131954,0.814915606176907,-59955.090345868106,-794249.9066879596,4205750.09331204
TECHM.NS/LTTS.NS,IT,2024-12-13,-1.0,-22.245348497283203,1.0077016646216694,-26784.82510416757,-821034.7317921271,4178965.2682078728
TECHM.NS/LTTS.NS,IT,2024-12-16,-1.0,-30.368689729579273,0.8666799102133836,46995.12355457648,-774039.6082375506,4225960.391762449
TECHM.NS/LTTS.NS,IT,2024-12-17,-1.0,6.034084023783635,1.422057389977708,-25619.932561430593,-799659.5407989812,4200340.459201019
TECHM.NS/LTTS.NS,IT,2024-12-18,-1.0,32.072885943134,1.8017120699056086,-40949.27472033568,-840608.8155193169,4159391.184480683
TECHM.NS/LTTS.NS,IT,2024-12-19,-1.0,34.69085987605786,1.8315191954858252,43388.62026177234,-797220.1952575446,4202779.8047424555
TECHM.NS/LTTS.NS,IT,2024-12-20,-1.0,54.81453507718629,2.120690951339818,109350.21584563662,-687869.979411908,4312130.0205880925
TECHM.NS/LTTS.NS,IT,2024-12-23,-1.0,106.4306510257727,2.879489401756582,-106424.48141000915,-794294.460821917,4205705.539178083
TECHM.NS/LTTS.NS,IT,2024-12-24,-1.0,104.27732112300328,2.758100906577741,16553.294225489954,-777741.1665964271,4222258.833403572
TECHM.NS/LTTS.NS,IT,2024-12-26,-1.0,118.04834920293479,2.8311468196858556,-3096.3335776199724,-780837.5001740471,4219162.499825953
TECHM.NS/LTTS.NS,IT,2024-12-27,-1.0,122.56959149759814,2.8083790083362348,-29616.456664512498,-810453.9568385596,4189546.0431614406
TECHM.NS/LTTS.NS,IT,2024-12-30,-1.0,130.36156857460787,2.769189231652097,-63604.38868715945,-874058.345525719,4125941.654474281
TECHM.NS/LTTS.NS,IT,2024-12-31,-1.0,103.00114281426113,2.201583293545998,93634.06149172384,-780424.2840339951,4219575.715966005
TECHM.NS/LTTS.NS,IT,2025-01-01,-1.0,113.32808704045965,2.223743464060772,-6688.651528305451,-787112.9355623006,4212887.0644376995
TECHM.NS/LTTS.NS,IT,2025-01-02,-1.0,103.95452244743501,1.984621065020914,-33703.65751241946,-820816.5930747201,4179183.4069252796
TECHM.NS/LTTS.NS,IT,2025-01-03,-1.0,68.57601515625402,1.4118694682028816,108419.13061541773,-712397.4624593024,4287602.5375406975
TECHM.NS/LTTS.NS,IT,2025-01-06,-1.0,75.7496741479456,1.4613119627437066,-1529.2876512088167,-713926.7501105112,4286073.249889489
TECHM.NS/LTTS.NS,IT,2025-01-07,-1.0,25.28824445700252,0.7028578454477236,83757.15082701544,-630169.5992834958,4369830.400716504
TECHM.NS/LTTS.NS,IT,2025-01-08,-1.0,8.775846230977322,0.4343827752548301,32123.536242568567,-598046.0630409273,4401953.936959073
TECHM.NS/LTTS.NS,IT,2025-01-09,-1.0,-2.3971613864414394,0.24653304515559768,53904.659718081646,-544141.4033228457,4455858.596677154
TECHM.NS/LTTS.NS,IT,2025-01-10,-1.0,39.107735845152774,0.8480590411221074,-172254.74232018806,-716396.1456430338,4283603.854356966
TECHM.NS/LTTS.NS,IT,2025-01-13,-1.0,21.948883954226403,0.559105986912117,107333.12738938328,-609063.0182536505,4390936.9817463495
TECHM.NS/LTTS.NS,IT,2025-01-14,-1.0,57.2507117118289,1.0838972177414183,-12813.145831597822,-621876.1640852484,4378123.8359147515
TECHM.NS/LTTS.NS,IT,2025-01-15,-1.0,37.820526486571225,0.7509427864282239,-35856.20765829939,-657732.3717435477,4342267.628256452
TECHM.NS/LTTS.NS,IT,2025-01-16,-1.0,-76.51655677366466,-1.0619463998242318,97533.58197675449,-560198.7897667933,4439801.210233207
TECHM.NS/LTTS.NS,IT,2025-01-17,-1.0,-143.8050954730727,-2.035498563313506,121455.27294297378,-438743.5168238195,4561256.48317618
TECHM.NS/LTTS.NS,IT,2025-01-20,-1.0,-130.05156238498694,-1.7677496664792287,-43262.27510967246,-482005.79193349194,4517994.208066508
TECHM.NS/LTTS.NS,IT,2025-01-21,-1.0,-164.62122452538506,-2.1716605649661824,103977.96468993368,-378027.82724355825,4621972.172756442
TECHM.NS/LTTS.NS,IT,2025-01-22,-1.0,-124.27722134823102,-1.5389763104020755,-131653.393719585,-509681.2209631433,4490318.779036857
TECHM.NS/LTTS.NS,IT,2025-01-23,-1.0,-118.80359139139523,-1.4215495924649095,-66101.67628007222,-575782.8972432155,4424217.102756784
TECHM.NS/LTTS.NS,IT,2025-01-24,-1.0,-102.58712100321054,-1.1782227199300543,-34808.08634465581,-610590.9835878713,4389409.016412129
TECHM.NS/LTTS.NS,IT,2025-01-27,-1.0,-113.02242046034871,-1.2970497762923343,148713.62874011515,-461877.35484775616,4538122.645152244
TECHM.NS/LTTS.NS,IT,2025-01-28,-1.0,-74.34363522670424,-0.7624775711561997,-26026.822049592894,-487904.17689734907,4512095.823102651
TECHM.NS/LTTS.NS,IT,2025-01-29,-1.0,-113.52977378142805,-1.2715642797776157,-29206.352775481664,-517110.5296728307,4482889.47032717
TECHM.NS/LTTS.NS,IT,2025-01-30,-1.0,-146.24460748863976,-1.6477277046836745,54205.20690871962,-462905.3227641111,4537094.677235889
TECHM.NS/LTTS.NS,IT,2025-01-31,-1.0,-154.4856867261999,-1.6884749889327844,-1318.0262229239088,-464223.348987035,4535776.651012965
TECHM.NS/LTTS.NS,IT,2025-02-01,-1.0,-171.2342669245154,-1.826986622017234,74524.23067278869,-389699.1183142463,4610300.881685753
TECHM.NS/LTTS.NS,IT,2025-02-03,-1.0,-189.644200167814,-1.9721748396957837,-365.83124355052485,-390064.9495577968,4609935.050442203
TECHM.NS/LTTS.NS,IT,2025-02-04,-1.0,-195.0102837564159,-1.9393475007717005,-4309.112097314614,-394374.06165511144,4605625.938344888
TECHM.NS/LTTS.NS,IT,2025-02-05,0.0,-220.28192019224343,-2.1102095803064294,6744.994437921057,-387629.0672171904,4612370.932782809
TECHM.NS/LTTS.NS,IT,2025-02-06,0.0,-184.4096621619185,-1.6537432102922531,0.0,-387629.0672171904,4612370.932782809
TECHM.NS/LTTS.NS,IT,2025-02-07,0.0,-185.1843252416379,-1.6051421627021103,0.0,-387629.0672171904,4612370.932782809
TECHM.NS/LTTS.NS,IT,2025-02-10,0.0,-149.67733357525276,-1.1903172567589224,0.0,-387629.0672171904,4612370.932782809
TECHM.NS/LTTS.NS,IT,2025-02-11,0.0,-105.26828703530077,-0.7057799387026421,-0.0,-387629.0672171904,4612370.932782809
TECHM.NS/LTTS.NS,IT,2025-02-12,0.0,-40.06875132981531,-0.011914621823468165,0.0,-387629.0672171904,4612370.932782809
TECHM.NS/LTTS.NS,IT,2025-02-13,0.0,-17.719398777521292,0.22171155299861325,0.0,-387629.0672171904,4612370.932782809
TECHM.NS/LTTS.NS,IT,2025-02-14,0.0,-12.19098508955949,0.27529479932927187,-0.0,-387629.0672171904,4612370.932782809
TECHM.NS/LTTS.NS,IT,2025-02-17,0.0,38.53236953016358,0.78716399107035,0.0,-387629.0672171904,4612370.932782809
TECHM.NS/LTTS.NS,IT,2025-02-18,0.0,40.47183360023132,0.7818807297286385,0.0,-387629.0672171904,4612370.932782809
TECHM.NS/LTTS.NS,IT,2025-02-19,0.0,40.66712770389813,0.7615086210941236,-0.0,-387629.0672171904,4612370.932782809
TECHM.NS/LTTS.NS,IT,2025-02-20,0.0,0.34406803727756596,0.32699763490721384,-0.0,-387629.0672171904,4612370.932782809
TECHM.NS/LTTS.NS,IT,2025-02-21,0.0,-73.90919286737062,-0.45337955114118744,-0.0,-387629.0672171904,4612370.932782809
TECHM.NS/LTTS.NS,IT,2025-02-24,0.0,-31.95897334891174,-0.011787265552001616,-0.0,-387629.0672171904,4612370.932782809
TECHM.NS/LTTS.NS,IT,2025-02-25,0.0,-0.2789534203029689,0.314280850365733,-0.0,-387629.0672171904,4612370.932782809
TECHM.NS/LTTS.NS,IT,2025-02-27,0.0,20.578208787497033,0.5241728250471729,0.0,-387629.0672171904,4612370.932782809
TECHM.NS/LTTS.NS,IT,2025-02-28,0.0,-38.60855785467288,-0.09219210529537981,-0.0,-387629.0672171904,4612370.932782809
TECHM.NS/LTTS.NS,IT,2025-03-03,0.0,-42.81787736512001,-0.13068050993232735,0.0,-387629.0672171904,4612370.932782809
TECHM.NS/LTTS.NS,IT,2025-03-04,0.0,-48.86615646321616,-0.18984697623335955,-0.0,-387629.0672171904,4612370.932782809
TECHM.NS/LTTS.NS,IT,2025-03-05,0.0,-61.663963970133636,-0.3209040675677022,0.0,-387629.0672171904,4612370.932782809
TECHM.NS/LTTS.NS,IT,2025-03-06,0.0,-127.64273503485333,-0.9901777721884998,-0.0,-387629.0672171904,4612370.932782809
TECHM.NS/LTTS.NS,IT,2025-03-07,0.0,-126.59419931084108,-0.9561260043279045,-0.0,-387629.0672171904,4612370.932782809
TECHM.NS/LTTS.NS,IT,2025-03-10,0.0,-77.99784861179364,-0.4444247863237731,0.0,-387629.0672171904,4612370.932782809
TECHM.NS/LTTS.NS,IT,2025-03-11,0.0,-81.79458812864618,-0.47379719892729893,-0.0,-387629.0672171904,4612370.932782809
TECHM.NS/LTTS.NS,IT,2025-03-12,0.0,-40.01188642242005,-0.036361461944130646,-0.0,-387629.0672171904,4612370.932782809
TECHM.NS/LTTS.NS,IT,2025-03-13,0.0,-33.809188752814634,0.038989347961343034,0.0,-387629.0672171904,4612370.932782809
TECHM.NS/LTTS.NS,IT,2025-03-17,0.0,-57.488187273647554,-0.1908820431560466,-0.0,-387629.0672171904,4612370.932782809
TECHM.NS/LTTS.NS,IT,2025-03-18,0.0,-57.488187273647554,-0.17281625960177527,0.0,-387629.0672171904,4612370.932782809
TECHM.NS/LTTS.NS,IT,2025-03-19,0.0,-161.88653369442704,-1.228879751292671,-0.0,-387629.0672171904,4612370.932782809
TECHM.NS/LTTS.NS,IT,2025-03-20,1.0,-150.6251182595363,-1.0779148562313008,-12500.0,-400129.0672171904,4599870.932782809
TECHM.NS/LTTS.NS,IT,2025-03-21,1.0,-156.88775435819412,-1.1153512541809032,-10146.214441314227,-410275.2816585046,4589724.718341496
TECHM.NS/LTTS.NS,IT,2025-03-24,1.0,-80.86589887039827,-0.2603359368180476,207331.70722039838,-202943.57443810624,4797056.425561894
TECHM.NS/LTTS.NS,IT,2025-03-25,1.0,-98.59120588436735,-0.43280298329455535,-27292.05325680208,-230235.62769490833,4769764.3723050915
TECHM.NS/LTTS.NS,IT,2025-03-26,1.0,-101.46609154082557,-0.44007222498231024,-96713.14764243244,-326948.7753373408,4673051.22466266
TECHM.NS/LTTS.NS,IT,2025-03-27,1.0,-71.89163376294255,-0.04893003943620701,52204.613624490994,-274744.1617128498,4725255.8382871505
TECHM.NS/LTTS.NS,IT,2025-03-28,1.0,-94.47618340808162,-0.3029096009388961,-39689.46972968816,-314433.63144253794,4685566.3685574625
TECHM.NS/LTTS.NS,IT,2025-04-01,1.0,-135.97053568155457,-0.819947825362626,-103759.50546750428,-418193.1369100422,4581806.863089958
TECHM.NS/LTTS.NS,IT,2025-04-02,1.0,-132.74748914663132,-0.7535301050921064,73935.2405469178,-344257.89636312437,4655742.103636876
TECHM.NS/LTTS.NS,IT,2025-04-03,1.0,-126.99843088137982,-0.6482773276363712,-126107.9025868193,-470365.7989499437,4529634.201050056
TECHM.NS/LTTS.NS,IT,2025-04-04,1.0,-113.97710157481538,-0.44250842288157854,-109079.73766030115,-579445.5366102448,4420554.463389755
TECHM.NS/LTTS.NS,IT,2025-04-07,1.0,-84.30775084732045,-0.002530028815201169,-51744.125726792634,-631189.6623370374,4368810.337662962
TECHM.NS/LTTS.NS,IT,2025-04-08,1.0,-65.22520219122089,0.30409708837011834,95050.48423940425,-536139.1780976332,4463860.821902366
TECHM.NS/LTTS.NS,IT,2025-04-09,1.0,-100.65412609263421,-0.19182254171786467,-153410.7579496215,-689549.9360472547,4310450.063952745
TECHM.NS/LTTS.NS,IT,2025-04-11,1.0,-105.29425147567531,-0.23048780675298203,20234.01596375486,-669315.9200834999,4330684.0799165005
TECHM.NS/LTTS.NS,IT,2025-04-15,1.0,-157.70135505990106,-1.03019373989053,-11976.055771227377,-681291.9758547272,4318708.024145273
TECHM.NS/LTTS.NS,IT,2025-04-16,0.0,-113.31502660891806,-0.3037656868796969,58814.37562311847,-622477.6002316087,4377522.399768392
TECHM.NS/LTTS.NS,IT,2025-04-17,0.0,-114.69979729320835,-0.335457992199034,-0.0,-622477.6002316087,4377522.399768392
TECHM.NS/LTTS.NS,IT,2025-04-21,0.0,-93.36126370641978,0.0005985542776943509,0.0,-622477.6002316087,4377522.399768392
TECHM.NS/LTTS.NS,IT,2025-04-22,0.0,-101.95455656252352,-0.15792624733217356,-0.0,-622477.6002316087,4377522.399768392
TECHM.NS/LTTS.NS,IT,2025-04-23,0.0,-58.185238467544195,0.5438244672497894,0.0,-622477.6002316087,4377522.399768392
TECHM.NS/LTTS.NS,IT,2025-04-24,0.0,-61.34548091156398,0.4760133820508725,0.0,-622477.6002316087,4377522.399768392
TECHM.NS/LTTS.NS,IT,2025-04-25,0.0,25.41614267799696,1.814447504646677,0.0,-622477.6002316087,4377522.399768392
TECHM.NS/LTTS.NS,IT,2025-04-28,-1.0,47.46145839907399,2.0484401655282043,-12500.0,-634977.6002316087,4365022.399768392
TECHM.NS/LTTS.NS,IT,2025-04-29,-1.0,79.60700888417,2.3794746446496777,-115791.81026731295,-750769.4104989216,4249230.589501078
TECHM.NS/LTTS.NS,IT,2025-04-30,-1.0,63.93460513395007,2.033758551637446,2367.065285864031,-748402.3452130576,4251597.6547869425
TECHM.NS/LTTS.NS,IT,2025-05-02,-1.0,75.62717715122676,2.0808840687970798,5389.773204829912,-743012.5720082277,4256987.427991772
TECHM.NS/LTTS.NS,IT,2025-05-05,-1.0,70.06395899944027,1.9099839471834894,5701.056412225889,-737311.5155960018,4262688.484403999
TECHM.NS/LTTS.NS,IT,2025-05-06,-1.0,109.59043402926613,2.30067532950327,-51576.4296340619,-788887.9452300636,4211112.054769936
TECHM.NS/LTTS.NS,IT,2025-05-07,-1.0,111.77358274961648,2.2142014149909253,-575.6449453716157,-789463.5901754353,4210536.409824565
TECHM.NS/LTTS.NS,IT,2025-05-08,-1.0,117.82266607270094,2.1848789027260165,-23971.68535135158,-813435.2755267869,4186564.724473213
TECHM.NS/LTTS.NS,IT,2025-05-09,-1.0,101.60053291212057,1.9232279314221243,39804.3234940918,-773630.9520326952,4226369.0479673045
TECHM.NS/LTTS.NS,IT,2025-05-12,-1.0,69.07290338902908,1.4712386026482218,-131532.14832279825,-905163.1003554934,4094836.8996445066
TECHM.NS/LTTS.NS,IT,2025-05-13,-1.0,94.60102553892489,1.7329044471157964,-28145.318407721137,-933308.4187632145,4066691.5812367853
TECHM.NS/LTTS.NS,IT,2025-05-14,-1.0,110.9372020190383,1.8555538577140118,-82663.79214165699,-1015972.2109048715,3984027.7890951284
TECHM.NS/LTTS.NS,IT,2025-05-15,-1.0,107.90542091344264,1.7373977659566076,-48730.41695228825,-1064702.6278571598,3935297.37214284
TECHM.NS/LTTS.NS,IT,2025-05-16,-1.0,102.57648525186005,1.607039902462306,30144.431579195458,-1034558.1962779644,3965441.8037220356
TECHM.NS/LTTS.NS,IT,2025-05-19,-1.0,68.09858321081356,1.1680087934851682,78022.81732833966,-956535.3789496247,4043464.6210503755
TECHM.NS/LTTS.NS,IT,2025-05-20,-1.0,64.92041074304689,1.1044463820655563,48437.67873792733,-908097.7002116974,4091902.2997883027
TECHM.NS/LTTS.NS,IT,2025-05-21,-1.0,92.0507234465183,1.3925156308838844,-77423.5353600855,-985521.2355717829,4014478.764428217
TECHM.NS/LTTS.NS,IT,2025-05-22,-1.0,59.06161279298726,1.0076508252455119,104416.43324825408,-881104.8023235288,4118895.1976764714
TECHM.NS/LTTS.NS,IT,2025-05-23,-1.0,65.16082331314828,1.0679268787133485,-37953.77108746652,-919058.5734109953,4080941.4265890047
TECHM.NS/LTTS.NS,IT,2025-05-26,-1.0,76.26828612373106,1.167015951585665,-56610.35240663218,-975668.9258176275,4024331.0741823725
TECHM.NS/LTTS.NS,IT,2025-05-27,-1.0,88.28156511387328,1.257247316931535,4770.3733705793065,-970898.5524470481,4029101.447552952
TECHM.NS/LTTS.NS,IT,2025-05-28,-1.0,94.16398117627318,1.2808517256442642,18006.500933755015,-952892.0515132931,4047107.948486707
TECHM.NS/LTTS.NS,IT,2025-05-29,-1.0,103.68989115801332,1.3454926771881701,-51673.04185895963,-1004565.0933722527,3995434.906627747
TECHM.NS/LTTS.NS,IT,2025-05-30,-1.0,95.79938486669107,1.23248634138718,62052.687479977954,-942512.4058922747,4057487.594107725
TECHM.NS/LTTS.NS,IT,2025-06-02,-1.0,75.1821552730994,0.9842606725509686,75412.4315575829,-867099.9743346918,4132900.0256653083
TECHM.NS/LTTS.NS,IT,2025-06-03,-1.0,82.10797853797521,1.0267046521140717,3064.478968500628,-864035.4953661911,4135964.504633809
TECHM.NS/LTTS.NS,IT,2025-06-04,-1.0,82.92433380119223,1.0044282727483345,-28259.508975909997,-892295.0043421012,4107704.995657899
TECHM.NS/LTTS.NS,IT,2025-06-05,-1.0,98.79667863272925,1.1316609021992599,-31462.921807597922,-923757.9261496991,4076242.073850301
TECHM.NS/LTTS.NS,IT,2025-06-06,-1.0,102.82383199499668,1.1352281950940155,-22011.968628359093,-945769.8947780583,4054230.1052219416
TECHM.NS/LTTS.NS,IT,2025-06-09,-1.0,98.09205165604885,1.0515200872395816,-10919.256656043755,-956689.1514341021,4043310.848565898
TECHM.NS/LTTS.NS,IT,2025-06-10,-1.0,79.90946128467635,0.8348754144765836,-44133.31239986828,-1000822.4638339704,3999177.5361660295
TECHM.NS/LTTS.NS,IT,2025-06-11,-1.0,73.6550761843339,0.744182350886519,-46968.81957270785,-1047791.2834066782,3952208.716593322
TECHM.NS/LTTS.NS,IT,2025-06-12,-1.0,98.10834616251395,0.9678061222811143,-40913.71356527544,-1088704.9969719537,3911295.0030280463
TECHM.NS/LTTS.NS,IT,2025-06-13,-1.0,138.8141533286405,1.3385780721933536,-74526.47331367027,-1163231.470285624,3836768.5297143757
TECHM.NS/LTTS.NS,IT,2025-06-16,-1.0,148.63933066591198,1.3852912935985133,-78644.8065848489,-1241876.2768704728,3758123.723129527
TECHM.NS/LTTS.NS,IT,2025-06-17,-1.0,198.04237735224888,1.793782147074874,-102139.18136419164,-1344015.4582346645,3655984.5417653355
TECHM.NS/LTTS.NS,IT,2025-06-18,-1.0,198.32496288447646,1.737380250593026,14096.294728349321,-1329919.163506315,3670080.836493685
TECHM.NS/LTTS.NS,IT,2025-06-19,-1.0,207.32090461606754,1.7624115428304223,38582.6705755344,-1291336.4929307806,3708663.5070692194
TECHM.NS/LTTS.NS,IT,2025-06-20,-1.0,195.35505214004138,1.5978522804404094,-8302.00320976519,-1299638.496140546,3700361.503859454
TECHM.NS/LTTS.NS,IT,2025-06-23,-1.0,194.98924007632854,1.5338949666492872,26872.539535059743,-1272765.956605486,3727234.043394514
TECHM.NS/LTTS.NS,IT,2025-06-24,-1.0,192.8250103170551,1.460558232039831,11295.408665436818,-1261470.5479400493,3738529.4520599507
TECHM.NS/LTTS.NS,IT,2025-06-25,-1.0,209.9407487784465,1.5687623781520919,-72261.11583464316,-1333731.6637746925,3666268.3362253075
TECHM.NS/LTTS.NS,IT,2025-06-26,-1.0,209.1977088007077,1.5037926727593076,27939.781511459172,-1305791.8822632332,3694208.117736767
TECHM.NS/LTTS.NS,IT,2025-06-27,-1.0,172.8336898721193,1.1203079057471865,71897.61804854398,-1233894.2642146891,3766105.735785311
TECHM.NS/LTTS.NS,IT,2025-06-30,-1.0,179.45210300788312,1.1549877213996596,-31468.54619775266,-1265362.8104124418,3734637.189587558
TECHM.NS/LTTS.NS,IT,2025-07-01,-1.0,179.92115105703897,1.1322402223961936,29021.91250950756,-1236340.8979029343,3763659.1020970657
TECHM.NS/LTTS.NS,IT,2025-07-02,-1.0,195.30642462889182,1.2572784577141891,-29077.294189376975,-1265418.1920923113,3734581.8079076884
TECHM.NS/LTTS.NS,IT,2025-07-03,-1.0,187.86719100950972,1.1534074430578636,18454.54531359737,-1246963.646778714,3753036.353221286
TECHM.NS/LTTS.NS,IT,2025-07-04,-1.0,183.9387486920034,1.081816370597818,-20855.84314249571,-1267819.4899212096,3732180.5100787906
TECHM.NS/LTTS.NS,IT,2025-07-07,-1.0,155.5524753060979,0.7544666318211929,92459.57672710466,-1175359.913194105,3824640.086805895
TECHM.NS/LTTS.NS,IT,2025-07-08,-1.0,180.179555905185,0.996008972170886,-51107.92811499426,-1226467.8413090992,3773532.1586909005
TECHM.NS/LTTS.NS,IT,2025-07-09,-1.0,167.2700879320887,0.8323537561642368,54829.09822354224,-1171638.743085557,3828361.2569144433
TECHM.NS/LTTS.NS,IT,2025-07-10,-1.0,141.87621866179916,0.5218341693794494,58716.99763952505,-1112921.745446032,3887078.254553968
TECHM.NS/LTTS.NS,IT,2025-07-11,-1.0,124.4373314193158,0.2737988264118977,15565.867512535959,-1097355.877933496,3902644.1220665043
TECHM.NS/LTTS.NS,IT,2025-07-14,-1.0,121.23874956003829,0.1941579426017149,55528.291929843,-1041827.5860036529,3958172.413996347
TECHM.NS/LTTS.NS,IT,2025-07-15,-1.0,121.10509197057036,0.15252402718887756,-4543.677934693441,-1046371.2639383463,3953628.7360616536
TECHM.NS/LTTS.NS,IT,2025-07-16,-1.0,150.17355436847697,0.5897024885227597,-92905.3858670325,-1139276.6498053789,3860723.350194621
TECHM.NS/LTTS.NS,IT,2025-07-17,-1.0,86.65757352214086,-0.5700951507023876,161842.26732502083,-977434.382480358,4022565.617519642
TECHM.NS/LTTS.NS,IT,2025-07-18,-1.0,75.50771852886169,-0.8979741789915281,43725.423014537504,-933708.9594658205,4066291.0405341797
TECHM.NS/LTTS.NS,IT,2025-07-21,-1.0,81.44817043250191,-0.8185408064210841,3934.8318539757624,-929774.1276118447,4070225.872388155
TECHM.NS/LTTS.NS,IT,2025-07-22,-1.0,99.68028227690093,-0.46778043719011375,-28395.01545805155,-958169.1430698963,4041830.8569301036
TECHM.NS/LTTS.NS,IT,2025-07-23,-1.0,102.00170867876591,-0.4289756038618284,-1468.5789888942331,-959637.7220587905,4040362.2779412093
TECHM.NS/LTTS.NS,IT,2025-07-24,-1.0,59.76275766317963,-1.3202074733226778,150397.6682744684,-809240.0537843221,4190759.946215678
TECHM.NS/LTTS.NS,IT,2025-07-25,-1.0,49.949815696988026,-1.5015331969147592,92231.05478491221,-717008.9989994098,4282991.001000591
TECHM.NS/LTTS.NS,IT,2025-07-28,-1.0,32.18591317793357,-1.8241853811677815,46907.38636361147,-670101.6126357984,4329898.387364201
TECHM.NS/LTTS.NS,IT,2025-07-29,0.0,20.739163666112745,-1.9611673142400432,-6132.162459230969,-676233.7750950294,4323766.22490497
TECHM.NS/LTTS.NS,IT,2025-07-30,0.0,22.58779064904502,-1.83933151848775,0.0,-676233.7750950294,4323766.22490497
TECHM.NS/LTTS.NS,IT,2025-07-31,0.0,23.520960280631698,-1.7435600086086336,0.0,-676233.7750950294,4323766.22490497
TECHM.NS/LTTS.NS,IT,2025-08-01,0.0,10.330901127088737,-1.9013746587885083,-0.0,-676233.7750950294,4323766.22490497
TECHM.NS/LTTS.NS,IT,2025-08-04,0.0,47.98757405445144,-1.2033214978297386,0.0,-676233.7750950294,4323766.22490497
TECHM.NS/LTTS.NS,IT,2025-08-05,0.0,66.91313341673208,-0.8492757137493397,0.0,-676233.7750950294,4323766.22490497
TECHM.NS/LTTS.NS,IT,2025-08-06,0.0,35.16456999418256,-1.3734923297202464,-0.0,-676233.7750950294,4323766.22490497
TECHM.NS/LTTS.NS,IT,2025-08-07,0.0,73.91355476401645,-0.676879309384242,0.0,-676233.7750950294,4323766.22490497
TECHM.NS/LTTS.NS,IT,2025-08-08,0.0,80.74885080149488,-0.5490099138133817,0.0,-676233.7750950294,4323766.22490497
TECHM.NS/LTTS.NS,IT,2025-08-11,0.0,92.86370384015936,-0.3451568051172049,0.0,-676233.7750950294,4323766.22490497
TECHM.NS/LTTS.NS,IT,2025-08-12,0.0,105.98244375734339,-0.1268902194869669,0.0,-676233.7750950294,4323766.22490497
TECHM.NS/LTTS.NS,IT,2025-08-13,0.0,119.26562200196327,0.10054823326135223,0.0,-676233.7750950294,4323766.22490497
TECHM.NS/LTTS.NS,IT,2025-08-14,0.0,95.4617980326243,-0.3348525437276958,-0.0,-676233.7750950294,4323766.22490497
TECHM.NS/LTTS.NS,IT,2025-08-18,0.0,78.06186025489546,-0.6515101470110655,-0.0,-676233.7750950294,4323766.22490497
TECHM.NS/LTTS.NS,IT,2025-08-19,0.0,98.85583062819546,-0.2865884198793048,0.0,-676233.7750950294,4323766.22490497
TECHM.NS/LTTS.NS,IT,2025-08-20,0.0,105.82110173029628,-0.1668986986001749,0.0,-676233.7750950294,4323766.22490497
TECHM.NS/LTTS.NS,IT,2025-08-21,0.0,85.1066319317672,-0.5365821658180383,-0.0,-676233.7750950294,4323766.22490497
TECHM.NS/LTTS.NS,IT,2025-08-22,0.0,74.31448436472056,-0.7189340626280651,-0.0,-676233.7750950294,4323766.22490497
TECHM.NS/LTTS.NS,IT,2025-08-25,0.0,62.600579536389205,-0.9131157226937507,0.0,-676233.7750950294,4323766.22490497
TECHM.NS/LTTS.NS,IT,2025-08-26,0.0,55.24328590073401,-1.0328207321058651,-0.0,-676233.7750950294,4323766.22490497
TECHM.NS/LTTS.NS,IT,2025-08-28,1.0,80.6835945704886,-0.5817095227352133,-12500.0,-688733.7750950294,4311266.22490497
TECHM.NS/LTTS.NS,IT,2025-08-29,1.0,67.88883876371119,-0.8013836753820552,-46388.51792329733,-735122.2930183267,4264877.706981673
TECHM.NS/LTTS.NS,IT,2025-09-01,1.0,84.52874822773242,-0.5026406917290982,73398.48751519014,-661723.8055031366,4338276.1944968635
TECHM.NS/LTTS.NS,IT,2025-09-02,1.0,103.52585235736774,-0.1680540081200152,38550.7269020628,-623173.0786010738,4376826.9213989265
TECHM.NS/LTTS.NS,IT,2025-09-03,1.0,102.7944969602313,-0.1823821071247667,-10730.856948510092,-633903.9355495839,4366096.064450416
TECHM.NS/LTTS.NS,IT,2025-09-04,1.0,102.48936475109872,-0.19490993378223062,-17120.816112419292,-651024.7516620031,4348975.248337997
TECHM.NS/LTTS.NS,IT,2025-09-05,1.0,97.67239082131846,-0.2881626076480677,-54430.95400675249,-705455.7056687556,4294544.294331244
TECHM.NS/LTTS.NS,IT,2025-09-08,1.0,87.59119008346079,-0.46334712484569796,-50168.51400145582,-755624.2196702114,4244375.780329788
TECHM.NS/LTTS.NS,IT,2025-09-09,1.0,124.6649223862396,0.19801166846172588,129480.7802842914,-626143.4393859201,4373856.56061408
TECHM.NS/LTTS.NS,IT,2025-09-10,1.0,116.58021282199729,0.06425660786716231,49525.50307210459,-576617.9363138154,4423382.063686185
TECHM.NS/LTTS.NS,IT,2025-09-11,1.0,111.85364322784835,0.005801164434147875,-15843.92777152354,-592461.864085339,4407538.135914661
TECHM.NS/LTTS.NS,IT,2025-09-12,1.0,112.6499127721595,0.047225330457912856,10087.438771666362,-582374.4253136726,4417625.574686327
TECHM.NS/LTTS.NS,IT,2025-09-15,1.0,115.33703900451496,0.12924357302906017,-8824.767122858528,-591199.1924365312,4408800.807563469
TECHM.NS/LTTS.NS,IT,2025-09-16,1.0,103.90372478377617,-0.06157810331485832,10964.64075881395,-580234.5516777172,4419765.448322283
TECHM.NS/LTTS.NS,IT,2025-09-17,1.0,110.57248771501122,0.09907808936961122,41158.08081658793,-539076.4708611293,4460923.529138871
TECHM.NS/LTTS.NS,IT,2025-09-18,1.0,80.30517770210395,-0.48349079991089583,-28533.406875670877,-567609.8777368002,4432390.1222632
TECHM.NS/LTTS.NS,IT,2025-09-19,0.0,98.44147853948812,-0.07458784774436684,15007.13540324923,-552602.742333551,4447397.257666449
TECHM.NS/LTTS.NS,IT,2025-09-22,0.0,101.12476614072352,0.02296908619386526,-0.0,-552602.742333551,4447397.257666449
TECHM.NS/LTTS.NS,IT,2025-09-23,0.0,69.52062338856058,-0.6647561892570645,-0.0,-552602.742333551,4447397.257666449
TECHM.NS/LTTS.NS,IT,2025-09-24,0.0,52.935139779821384,-1.020286431647172,-0.0,-552602.742333551,4447397.257666449
TECHM.NS/LTTS.NS,IT,2025-09-25,0.0,65.1985202458336,-0.7076742012496596,-0.0,-552602.742333551,4447397.257666449
TECHM.NS/LTTS.NS,IT,2025-09-26,0.0,49.842255660989395,-1.0680762126368304,-0.0,-552602.742333551,4447397.257666449
TECHM.NS/LTTS.NS,IT,2025-09-29,0.0,75.87355870595047,-0.37973430439742667,0.0,-552602.742333551,4447397.257666449
TECHM.NS/LTTS.NS,IT,2025-09-30,0.0,24.98083448865691,-1.7227922767104822,-0.0,-552602.742333551,4447397.257666449
TECHM.NS/LTTS.NS,IT,2025-10-01,0.0,16.664462509772875,-1.8878364169084592,0.0,-552602.742333551,4447397.257666449
TECHM.NS/LTTS.NS,IT,2025-10-03,0.0,-31.38176058957356,-3.0424037754486477,-0.0,-552602.742333551,4447397.257666449
TECHM.NS/LTTS.NS,IT,2025-10-06,0.0,2.370569303369166,-2.078885801080901,0.0,-552602.742333551,4447397.257666449
TECHM.NS/LTTS.NS,IT,2025-10-07,0.0,1.5977981060991624,-2.0154384855642795,-0.0,-552602.742333551,4447397.257666449
TECHM.NS/LTTS.NS,IT,2025-10-08,0.0,42.932723654962956,-0.873523886974101,0.0,-552602.742333551,4447397.257666449
TECHM.NS/LTTS.NS,IT,2025-10-09,0.0,37.14596460365124,-0.9974477697323059,0.0,-552602.742333551,4447397.257666449
TECHM.NS/LTTS.NS,IT,2025-10-10,0.0,14.383305334749366,-1.5587935781542732,-0.0,-552602.742333551,4447397.257666449
TECHM.NS/LTTS.NS,IT,2025-10-13,0.0,48.0404376760207,-0.6240561921863681,0.0,-552602.742333551,4447397.257666449
TECHM.NS/LTTS.NS,IT,2025-10-14,0.0,77.77862756224954,0.2157643612270722,0.0,-552602.742333551,4447397.257666449
TECHM.NS/LTTS.NS,IT,2025-10-15,0.0,74.96268716875124,0.13681108430595645,-0.0,-552602.742333551,4447397.257666449
TECHM.NS/LTTS.NS,IT,2025-10-16,0.0,59.516563023595154,-0.28747812125346733,-0.0,-552602.742333551,4447397.257666449
TECHM.NS/LTTS.NS,IT,2025-10-17,0.0,57.45693610155922,-0.32733634635399794,-0.0,-552602.742333551,4447397.257666449
TECHM.NS/LTTS.NS,IT,2025-10-20,0.0,54.45697740527726,-0.3922079533238449,0.0,-552602.742333551,4447397.257666449
TECHM.NS/LTTS.NS,IT,2025-10-21,0.0,56.97237958386404,-0.319174451837915,0.0,-552602.742333551,4447397.257666449
TECHM.NS/LTTS.NS,IT,2025-10-23,0.0,71.68660361634693,0.0893361287173295,0.0,-552602.742333551,4447397.257666449
TECHM.NS/LTTS.NS,IT,2025-10-24,0.0,72.22200011832274,0.08637465864074201,-0.0,-552602.742333551,4447397.257666449
TECHM.NS/LTTS.NS,IT,2025-10-27,0.0,68.2429945270494,-0.051803429397235964,0.0,-552602.742333551,4447397.257666449
TECHM.NS/LTTS.NS,IT,2025-10-28,0.0,72.58696162885963,0.05183765321929458,-0.0,-552602.742333551,4447397.257666449
TECHM.NS/LTTS.NS,IT,2025-10-29,0.0,86.42458102194746,0.43947515693434364,0.0,-552602.742333551,4447397.257666449
TECHM.NS/LTTS.NS,IT,2025-10-30,0.0,67.29318544820603,-0.17308335445190184,-0.0,-552602.742333551,4447397.257666449
TECHM.NS/LTTS.NS,IT,2025-10-31,0.0,55.28329519604017,-0.5528034870146545,-0.0,-552602.742333551,4447397.257666449
TECHM.NS/LTTS.NS,IT,2025-11-03,0.0,50.57316004958625,-0.6889239623620818,-0.0,-552602.742333551,4447397.257666449
TECHM.NS/LTTS.NS,IT,2025-11-04,0.0,49.692150688774746,-0.7292159618377918,-0.0,-552602.742333551,4447397.257666449
TECHM.NS/LTTS.NS,IT,2025-11-06,0.0,50.64710850784945,-0.6843163996874984,0.0,-552602.742333551,4447397.257666449
TECHM.NS/LTTS.NS,IT,2025-11-07,0.0,28.117958058140857,-1.3403995179865202,-0.0,-552602.742333551,4447397.257666449
TECHM.NS/LTTS.NS,IT,2025-11-10,0.0,39.81078451537405,-0.94937043570495,0.0,-552602.742333551,4447397.257666449
TECHM.NS/LTTS.NS,IT,2025-11-11,0.0,44.218035580561946,-0.7864834433466459,0.0,-552602.742333551,4447397.257666449
TECHM.NS/LTTS.NS,IT,2025-11-12,0.0,66.01699865052501,-0.08963755351148095,0.0,-552602.742333551,4447397.257666449
TECHM.NS/LTTS.NS,IT,2025-11-13,0.0,69.30077660937309,0.027441511576370686,-0.0,-552602.742333551,4447397.257666449
TECHM.NS/LTTS.NS,IT,2025-11-14,0.0,80.16210287474905,0.36963876103900445,-0.0,-552602.742333551,4447397.257666449
TECHM.NS/LTTS.NS,IT,2025-11-17,0.0,87.30080090086062,0.6043007731180037,0.0,-552602.742333551,4447397.257666449
TECHM.NS/LTTS.NS,IT,2025-11-18,0.0,67.28159282608658,-0.011302381422542265,-0.0,-552602.742333551,4447397.257666449
TECHM.NS/LTTS.NS,IT,2025-11-19,0.0,-39.4129775218089,-3.0933052992261256,-0.0,-552602.742333551,4447397.257666449
TECHM.NS/LTTS.NS,IT,2025-11-20,0.0,17.307869921058227,-1.3718361516578015,0.0,-552602.742333551,4447397.257666449
TECHM.NS/LTTS.NS,IT,2025-11-21,0.0,43.996892661913535,-0.5870464437760601,0.0,-552602.742333551,4447397.257666449
TECHM.NS/LTTS.NS,IT,2025-11-24,0.0,57.94034571055204,-0.1851896020688924,0.0,-552602.742333551,4447397.257666449
TECHM.NS/LTTS.NS,IT,2025-11-25,0.0,77.19747598347635,0.3737963763110884,0.0,-552602.742333551,4447397.257666449
TECHM.NS/LTTS.NS,IT,2025-11-26,0.0,98.006713014154,0.9541478248371675,0.0,-552602.742333551,4447397.257666449
TECHM.NS/LTTS.NS,IT,2025-11-27,0.0,52.300555248365754,-0.3437911839123908,-0.0,-552602.742333551,4447397.257666449
TECHM.NS/LTTS.NS,IT,2025-11-28,0.0,41.7451717160352,-0.6226915384090443,0.0,-552602.742333551,4447397.257666449
TECHM.NS/LTTS.NS,IT,2025-12-01,0.0,52.24435270981644,-0.29698359735192265,0.0,-552602.742333551,4447397.257666449
TECHM.NS/LTTS.NS,IT,2025-12-02,0.0,40.19913300236317,-0.6249948048665676,0.0,-552602.742333551,4447397.257666449
TECHM.NS/LTTS.NS,IT,2025-12-03,0.0,41.99790643186839,-0.548449094803802,0.0,-552602.742333551,4447397.257666449
TECHM.NS/LTTS.NS,IT,2025-12-04,0.0,6.408858827521044,-1.5443742593473757,0.0,-552602.742333551,4447397.257666449
TECHM.NS/LTTS.NS,IT,2025-12-05,1.0,59.583521480763466,0.04881811434785118,-12500.0,-565102.742333551,4434897.257666449
TECHM.NS/LTTS.NS,IT,2025-12-08,1.0,82.09055362552431,0.7659112970388776,69112.67446617759,-495990.06786737347,4504009.932132627
TECHM.NS/LTTS.NS,IT,2025-12-09,1.0,49.80734794367072,-0.20850145305562276,-98033.41995880245,-594023.4878261759,4405976.512173824
TECHM.NS/LTTS.NS,IT,2025-12-10,1.0,25.00809403045855,-0.9700533144750786,-50444.843399479374,-644468.3312256553,4355531.668774345
TECHM.NS/LTTS.NS,IT,2025-12-11,1.0,18.244062025295307,-1.1628945358637683,29983.254135077415,-614485.0770905778,4385514.922909422
TECHM.NS/LTTS.NS,IT,2025-12-12,1.0,25.046188737422654,-0.9095418084320201,29119.407671537378,-585365.6694190404,4414634.330580959
TECHM.NS/LTTS.NS,IT,2025-12-15,1.0,43.32125490398448,-0.2632278054676678,13420.41177454596,-571945.2576444945,4428054.742355505
TECHM.NS/LTTS.NS,IT,2025-12-16,1.0,52.620165576487125,0.07873071001367707,16091.669061814484,-555853.5885826801,4444146.41141732
TECHM.NS/LTTS.NS,IT,2025-12-17,1.0,88.84095913219835,1.3745110028985443,42412.94072200471,-513440.6478606754,4486559.352139325
TECHM.NS/LTTS.NS,IT,2025-12-18,-1.0,91.8513935283579,1.5010962499239207,32529.599626993433,-480911.048233682,4519088.951766318
TECHM.NS/LTTS.NS,IT,2025-12-19,-1.0,110.32493619599404,2.06870164492174,-34538.77995471995,-515449.82818840194,4484550.171811598
TECHM.NS/LTTS.NS,IT,2025-12-22,-1.0,106.43937950716577,1.8461548166885973,-64366.17161126657,-579815.9997996686,4420184.000200331
TECHM.NS/LTTS.NS,IT,2025-12-23,-1.0,71.72560518496539,0.6714639490976413,64925.32279686934,-514890.67700279923,4485109.322997201
TECHM.NS/LTTS.NS,IT,2025-12-24,-1.0,98.77702256285716,1.5222858316122136,-26107.712288155766,-540998.389290955,4459001.610709045
TECHM.NS/LTTS.NS,IT,2025-12-26,-1.0,109.12684457071737,1.8018147165286935,26950.84431329351,-514047.5449776615,4485952.455022339
TECHM.NS/LTTS.NS,IT,2025-12-29,-1.0,107.83256853324838,1.6851769024576915,1247.2304393962493,-512800.3145382653,4487199.685461734
TECHM.NS/LTTS.NS,IT,2025-12-30,-1.0,127.4488767270816,2.1797841662756103,-6243.476500691044,-519043.7910389563,4480956.2089610435
